 ,genotype,time_off_food,bends,omega,tail_touch,food,additive,note,date,plate,transfer_technique,culture_conditons
JB,N2,5,5,Y,N,OP50,,,6/2/2021,1,,none
JB,N2,5,6,Y,Y,OP50,,,6/2/2021,1,,none
JB,N2,5,2,Y,Y,OP50,,,6/2/2021,1,,none
JB,N2,5,6,Y,Y,OP50,,,6/2/2021,1,,none
JB,N2,5,3,Y,N,OP50,,,6/2/2021,1,,none
JB,N2,5,4,Y,Y,OP50,,,6/2/2021,1,,none
JB,N2,5,4,Y,Y,OP50,,,6/2/2021,1,,none
JB,N2,5,4,Y,Y,OP50,,,6/2/2021,1,,none
JB,N2,5,4,Y,Y,OP50,,,6/2/2021,1,,none
JB,cest-1.2,5,2,Y,N,OP50,,,6/2/2021,2,,none
JB,cest-1.2,5,4,Y,N,OP50,,,6/2/2021,2,,none
JB,cest-1.2,5,3,Y,N,OP50,,,6/2/2021,2,,none
JB,cest-1.2,5,4,Y,Y,OP50,,,6/2/2021,2,,none
JB,cest-1.2,5,4,Y,Y,OP50,,,6/2/2021,2,,none
JB,cest-1.2,5,6,Y,Y,OP50,,,6/2/2021,2,,none
JB,cest-1.2,5,3,Y,Y,OP50,,,6/2/2021,2,,none
JB,cest-1.2,5,5,Y,Y,OP50,,,6/2/2021,2,,none
JB,cest-1.2,5,4,Y,Y,OP50,,,6/2/2021,2,,none
JB,cest-1.2,5,3,Y,N,OP50,,,6/2/2021,2,,none
JB,N2,30,6,Y,Y,OP50,,,6/2/2021,1,,none
JB,N2,30,3,Y,Y,OP50,,,6/2/2021,1,,none
JB,N2,30,10,Y,Y,OP50,,,6/2/2021,1,,none
JB,N2,30,5,Y,Y,OP50,,,6/2/2021,1,,none
JB,N2,30,6,Y,Y,OP50,,,6/2/2021,1,,none
JB,N2,30,5,Y,Y,OP50,,,6/2/2021,1,,none
JB,N2,30,5,Y,N,OP50,,,6/2/2021,1,,none
JB,N2,30,6,Y,N,OP50,,,6/2/2021,1,,none
JB,N2,30,5,Y,N,OP50,,,6/2/2021,1,,none
JB,cest-1.2,30,5,Y,Y,OP50,,,6/2/2021,2,,none
JB,cest-1.2,30,5,Y,Y,OP50,,,6/2/2021,2,,none
JB,cest-1.2,30,2,Y,Y,OP50,,,6/2/2021,2,,none
JB,cest-1.2,30,4,Y,Y,OP50,,,6/2/2021,2,,none
JB,cest-1.2,30,3,Y,Y,OP50,,,6/2/2021,2,,none
JB,cest-1.2,30,5,Y,N,OP50,,,6/2/2021,2,,none
JB,cest-1.2,30,3,Y,N,OP50,,,6/2/2021,2,,none
JB,cest-1.2,30,7,Y,Y,OP50,,,6/2/2021,2,,none
JB,cest-1.2,30,8,Y,N,OP50,,,6/2/2021,2,,none
JB,cest-1.2,30,7,Y,Y,OP50,,,6/2/2021,2,,none
JB,cest-1.2,10,4,,Y,OP50,,animals young,6/15/2021,3,,none
JB,cest-1.2,10,5,,N,OP50,,animals young,6/15/2021,3,,none
JB,cest-1.2,10,2,,Y,OP50,,animals young,6/15/2021,3,,none
JB,cest-1.2,10,4,,N,OP50,,animals young,6/15/2021,3,,none
JB,cest-1.2,10,3,,Y,OP50,,animals young,6/15/2021,3,,none
JB,cest-1.2,10,5,,Y,OP50,,animals young,6/15/2021,3,,none
JB,cest-1.2,10,3,,Y,OP50,,animals young,6/15/2021,3,,none
JB,cest-1.2,10,3,,Y,OP50,,animals young,6/15/2021,3,,none
JB,cest-1.2,10,4,,Y,OP50,,animals young,6/15/2021,3,,none
JB,cest-1.2,10,2,,Y,OP50,,animals young,6/15/2021,3,,none
JB,cest-1.2,10,5,,Y,OP50,,animals young,6/15/2021,4,,none
JB,cest-1.2,10,3,,Y,OP50,,animals young,6/15/2021,4,,none
JB,cest-1.2,10,6,,Y,OP50,,animals young,6/15/2021,4,,none
JB,cest-1.2,10,3,,Y,OP50,,animals young,6/15/2021,4,,none
JB,cest-1.2,10,5,,Y,OP50,,animals young,6/15/2021,4,,none
JB,cest-1.2,10,3,,Y,OP50,,animals young,6/15/2021,4,,none
JB,cest-1.2,10,5,,Y,OP50,,animals young,6/15/2021,4,,none
JB,cest-1.2,10,4,,Y,OP50,,animals young,6/15/2021,4,,none
JB,cest-1.2,10,4,,Y,OP50,,animals young,6/15/2021,4,,none
JB,N2,10,4,,Y,OP50,,animals young,6/15/2021,5,,none
JB,N2,10,4,,N,OP50,,animals young,6/15/2021,5,,none
JB,N2,10,3,,N,OP50,,animals young,6/15/2021,5,,none
JB,N2,10,3,,N,OP50,,animals young,6/15/2021,5,,none
JB,N2,10,4,,Y,OP50,,animals young,6/15/2021,5,,none
JB,N2,10,5,,Y,OP50,,animals young,6/15/2021,5,,none
JB,N2,10,3,,Y,OP50,,animals young,6/15/2021,5,,none
JB,N2,10,2,,Y,OP50,,animals young,6/15/2021,5,,none
JB,N2,10,4,,Y,OP50,,animals young,6/15/2021,5,,none
JB,N2,10,2,,N,OP50,,animals young,6/15/2021,5,,none
JB,N2,10,4,,N,OP50,,animals young,6/15/2021,6,,none
JB,N2,10,5,,Y,OP50,,animals young,6/15/2021,6,,none
JB,N2,10,2,,Y,OP50,,animals young,6/15/2021,6,,none
JB,N2,10,5,,Y,OP50,,animals young,6/15/2021,6,,none
JB,N2,10,3,,Y,OP50,,animals young,6/15/2021,6,,none
JB,N2,10,5,,N,OP50,,animals young,6/15/2021,6,,none
JB,N2,10,4,,N,OP50,,animals young,6/15/2021,6,,none
JB,N2,10,6,,Y,OP50,,animals young,6/15/2021,6,,none
JB,N2,10,5,,Y,OP50,,animals young,6/15/2021,6,,none
MOD,cest-1.2,10,3,,Y,OP50,,,6/15/2021,7,,none
MOD,cest-1.2,10,3,,Y,OP50,,,6/15/2021,7,,none
MOD,cest-1.2,10,3,,N,OP50,,,6/15/2021,7,,none
MOD,cest-1.2,10,3,,Y,OP50,,,6/15/2021,7,,none
MOD,cest-1.2,10,4,,Y,OP50,,,6/15/2021,7,,none
MOD,cest-1.2,10,3,,N,OP50,,,6/15/2021,7,,none
MOD,cest-1.2,10,5,,N,OP50,,,6/15/2021,7,,none
MOD,cest-1.2,10,4,,Y,OP50,,,6/15/2021,7,,none
MOD,cest-1.2,10,4,,Y,OP50,,,6/15/2021,7,,none
MOD,cest-1.2,10,4,,N,OP50,,,6/15/2021,7,,none
MOD,cest-1.2,10,6,,Y,OP50,,,6/15/2021,8,,none
MOD,cest-1.2,10,4,,Y,OP50,,,6/15/2021,8,,none
MOD,cest-1.2,10,4,,Y,OP50,,,6/15/2021,8,,none
MOD,cest-1.2,10,7,,Y,OP50,,,6/15/2021,8,,none
MOD,cest-1.2,10,5,,N,OP50,,,6/15/2021,8,,none
MOD,cest-1.2,10,4,,Y,OP50,,,6/15/2021,8,,none
MOD,cest-1.2,10,3,,Y,OP50,,,6/15/2021,8,,none
MOD,cest-1.2,10,3,,N,OP50,,,6/15/2021,8,,none
MOD,cest-1.2,10,2,,N,OP50,,,6/15/2021,8,,none
MOD,cest-1.2,10,6,,Y,OP50,,,6/15/2021,8,,none
MOD,N2,10,4,,Y,OP50,,,6/15/2021,9,,none
MOD,N2,10,5,,N,OP50,,,6/15/2021,9,,none
MOD,N2,10,5,,Y,OP50,,,6/15/2021,9,,none
MOD,N2,10,5,,Y,OP50,,,6/15/2021,9,,none
MOD,N2,10,3,,N,OP50,,,6/15/2021,9,,none
MOD,N2,10,4,,Y,OP50,,,6/15/2021,9,,none
MOD,N2,10,6,,Y,OP50,,,6/15/2021,9,,none
MOD,N2,10,5,,Y,OP50,,,6/15/2021,9,,none
MOD,N2,10,5,,N,OP50,,,6/15/2021,9,,none
MOD,N2,10,6,,Y,OP50,,,6/15/2021,9,,none
MOD,N2,10,4,,N,OP50,,,6/15/2021,9,,none
MOD,N2,10,3,,N,OP50,,,6/15/2021,10,,none
MOD,N2,10,6,,Y,OP50,,,6/15/2021,10,,none
MOD,N2,10,3,,Y,OP50,,,6/15/2021,10,,none
MOD,N2,10,6,,Y,OP50,,,6/15/2021,10,,none
MOD,N2,10,4,,Y,OP50,,,6/15/2021,10,,none
MOD,N2,10,2,,Y,OP50,,,6/15/2021,10,,none
MOD,N2,10,3,,N,OP50,,,6/15/2021,10,,none
MOD,N2,10,7,,Y,OP50,,,6/15/2021,10,,none
MOD,N2,10,4,,Y,OP50,,,6/15/2021,10,,none
MOD,N2,10,4,,Y,OP50,,,6/15/2021,10,,none
JB,N2,5,5,,N,OP50,,,6/16/2021,11,,none
JB,N2,5,7,,Y,OP50,,,6/16/2021,11,,none
JB,N2,5,2,,Y,OP50,,,6/16/2021,11,,none
JB,N2,5,5,,Y,OP50,,,6/16/2021,11,,none
JB,N2,5,4,,Y,OP50,,,6/16/2021,11,,none
JB,N2,5,8,,Y,OP50,,,6/16/2021,11,,none
JB,N2,5,2,,Y,OP50,,,6/16/2021,11,,none
JB,N2,5,3,,Y,OP50,,,6/16/2021,11,,none
JB,N2,5,3,,N,OP50,,,6/16/2021,11,,none
JB,N2,5,6,,N,OP50,,,6/16/2021,11,,none
JB,N2,5,4,,Y,OP50,,,6/16/2021,12,,none
JB,N2,5,4,,Y,OP50,,,6/16/2021,12,,none
JB,N2,5,3,,N,OP50,,,6/16/2021,12,,none
JB,N2,5,8,,Y,OP50,,,6/16/2021,12,,none
JB,N2,5,5,,Y,OP50,,,6/16/2021,12,,none
JB,N2,5,4,,Y,OP50,,,6/16/2021,12,,none
JB,N2,5,4,,Y,OP50,,,6/16/2021,12,,none
JB,N2,5,4,,Y,OP50,,,6/16/2021,12,,none
JB,N2,5,3,,Y,OP50,,,6/16/2021,12,,none
JB,N2,5,5,,Y,OP50,,,6/16/2021,12,,none
JB,cest-1.2,5,3,,N,OP50,,,6/16/2021,13,,none
JB,cest-1.2,5,3,,N,OP50,,,6/16/2021,13,,none
JB,cest-1.2,5,3,,Y,OP50,,,6/16/2021,13,,none
JB,cest-1.2,5,4,,N,OP50,,,6/16/2021,13,,none
JB,cest-1.2,5,11,,Y,OP50,,,6/16/2021,13,,none
JB,cest-1.2,5,2,,N,OP50,,,6/16/2021,13,,none
JB,cest-1.2,5,2,,Y,OP50,,,6/16/2021,13,,none
JB,cest-1.2,5,3,,Y,OP50,,,6/16/2021,13,,none
JB,cest-1.2,5,3,,Y,OP50,,,6/16/2021,13,,none
JB,cest-1.2,5,4,,Y,OP50,,,6/16/2021,13,,none
JB,cest-1.2,5,2,,Y,OP50,,,6/16/2021,14,,none
JB,cest-1.2,5,3,,Y,OP50,,,6/16/2021,14,,none
JB,cest-1.2,5,3,,Y,OP50,,,6/16/2021,14,,none
JB,cest-1.2,5,4,,Y,OP50,,,6/16/2021,14,,none
JB,cest-1.2,5,4,,N,OP50,,,6/16/2021,14,,none
JB,cest-1.2,5,6,,N,OP50,,,6/16/2021,14,,none
JB,cest-1.2,5,7,,N,OP50,,,6/16/2021,14,,none
JB,cest-1.2,5,4,,Y,OP50,,,6/16/2021,14,,none
JB,cest-1.2,5,3,,Y,OP50,,,6/16/2021,14,,none
JB,cest-1.2,5,5,,Y,OP50,,,6/16/2021,14,,none
JB,cest-1.2,5,4,,Y,OP50,,,6/25/2021,15,,none
JB,cest-1.2,5,4,,Y,OP50,,,6/25/2021,15,,none
JB,cest-1.2,5,5,,Y,OP50,,,6/25/2021,15,,none
JB,cest-1.2,5,3,,Y,OP50,,,6/25/2021,15,,none
JB,cest-1.2,5,3,,N,OP50,,,6/25/2021,15,,none
JB,cest-1.2,5,4,,Y,OP50,,,6/25/2021,15,,none
JB,cest-1.2,5,2,,Y,OP50,,,6/25/2021,15,,none
JB,cest-1.2,5,3,,Y,OP50,,,6/25/2021,15,,none
JB,cest-1.2,5,4,,Y,OP50,,,6/25/2021,15,,none
JB,cest-1.2,5,4,,Y,OP50,,,6/25/2021,15,,none
JB,cest-1.2,5,3,,Y,OP50,,,6/25/2021,16,,none
JB,cest-1.2,5,7,,Y,OP50,,,6/25/2021,16,,none
JB,cest-1.2,5,4,,N,OP50,,,6/25/2021,16,,none
JB,cest-1.2,5,4,,N,OP50,,,6/25/2021,16,,none
JB,cest-1.2,5,4,,Y,OP50,,,6/25/2021,16,,none
JB,cest-1.2,5,2,,Y,OP50,,,6/25/2021,16,,none
JB,cest-1.2,5,6,,N,OP50,,,6/25/2021,16,,none
JB,cest-1.2,5,3,,N,OP50,,,6/25/2021,16,,none
JB,cest-1.2,5,4,,Y,OP50,,,6/25/2021,16,,none
JB,cest-1.2,5,7,,Y,OP50,,,6/25/2021,16,,none
JB,N2,5,3,,Y,OP50,,,6/25/2021,17,,none
JB,N2,5,4,,Y,OP50,,,6/25/2021,17,,none
JB,N2,5,3,,Y,OP50,,,6/25/2021,17,,none
JB,N2,5,5,,Y,OP50,,,6/25/2021,17,,none
JB,N2,5,6,,N,OP50,,,6/25/2021,17,,none
JB,N2,5,8,,Y,OP50,,,6/25/2021,17,,none
JB,N2,5,3,,N,OP50,,,6/25/2021,17,,none
JB,N2,5,4,,Y,OP50,,,6/25/2021,17,,none
JB,N2,5,4,,Y,OP50,,,6/25/2021,17,,none
JB,N2,5,3,,Y,OP50,,,6/25/2021,17,,none
JB,N2,5,4,,Y,OP50,,,6/25/2021,18,,none
JB,N2,5,5,,Y,OP50,,,6/25/2021,18,,none
JB,N2,5,7,,Y,OP50,,,6/25/2021,18,,none
JB,N2,5,4,,N,OP50,,,6/25/2021,18,,none
JB,N2,5,3,,N,OP50,,,6/25/2021,18,,none
JB,N2,5,5,,Y,OP50,,,6/25/2021,18,,none
JB,N2,5,5,,N,OP50,,,6/25/2021,18,,none
JB,N2,5,5,,Y,OP50,,,6/25/2021,18,,none
JB,N2,5,5,,N,OP50,,,6/25/2021,18,,none
JB,N2,5,6,,Y,OP50,,,6/25/2021,18,,none
JB,cest-1.2,5,4,,N,OP50,TA,,6/30/2021,19,,none
JB,cest-1.2,5,5,,N,OP50,TA,,6/30/2021,19,,none
JB,cest-1.2,5,5,,N,OP50,TA,,6/30/2021,19,,none
JB,cest-1.2,5,4,,Y,OP50,TA,,6/30/2021,19,,none
JB,cest-1.2,5,2,,N,OP50,TA,,6/30/2021,19,,none
JB,cest-1.2,5,4,,N,OP50,TA,,6/30/2021,19,,none
JB,cest-1.2,5,2,,Y,OP50,TA,,6/30/2021,19,,none
JB,cest-1.2,5,4,,Y,OP50,TA,,6/30/2021,19,,none
JB,cest-1.2,5,5,,Y,OP50,TA,,6/30/2021,19,,none
JB,cest-1.2,5,6,,N,OP50,TA,,6/30/2021,19,,none
JB,cest-1.2,5,3,,N,OP50,TA,,6/30/2021,20,,none
JB,cest-1.2,5,7,,N,OP50,TA,,6/30/2021,20,,none
JB,cest-1.2,5,4,,N,OP50,TA,,6/30/2021,20,,none
JB,cest-1.2,5,3,,N,OP50,TA,,6/30/2021,20,,none
JB,cest-1.2,5,6,,Y,OP50,TA,,6/30/2021,20,,none
JB,cest-1.2,5,2,,Y,OP50,TA,,6/30/2021,20,,none
JB,cest-1.2,5,3,,Y,OP50,TA,,6/30/2021,20,,none
JB,cest-1.2,5,4,,N,OP50,TA,,6/30/2021,20,,none
JB,cest-1.2,5,5,,Y,OP50,TA,,6/30/2021,20,,none
JB,cest-1.2,5,5,,N,OP50,TA,,6/30/2021,20,,none
JB,N2,5,5,,N,OP50,TA,,6/30/2021,21,,none
JB,N2,5,3,,N,OP50,TA,,6/30/2021,21,,none
JB,N2,5,4,,N,OP50,TA,,6/30/2021,21,,none
JB,N2,5,4,,Y,OP50,TA,,6/30/2021,21,,none
JB,N2,5,5,,N,OP50,TA,,6/30/2021,21,,none
JB,N2,5,5,,Y,OP50,TA,,6/30/2021,21,,none
JB,N2,5,5,,Y,OP50,TA,,6/30/2021,21,,none
JB,N2,5,5,,Y,OP50,TA,,6/30/2021,21,,none
JB,N2,5,4,,Y,OP50,TA,,6/30/2021,21,,none
JB,N2,5,12,,Y,OP50,TA,,6/30/2021,21,,none
JB,N2,5,3,,N,OP50,TA,,6/30/2021,22,,none
JB,N2,5,4,,Y,OP50,TA,,6/30/2021,22,,none
JB,N2,5,6,,Y,OP50,TA,,6/30/2021,22,,none
JB,N2,5,2,,Y,OP50,TA,,6/30/2021,22,,none
JB,N2,5,8,,Y,OP50,TA,,6/30/2021,22,,none
JB,N2,5,5,,Y,OP50,TA,,6/30/2021,22,,none
JB,N2,5,4,,Y,OP50,TA,,6/30/2021,22,,none
JB,N2,5,7,,Y,OP50,TA,,6/30/2021,22,,none
JB,N2,5,3,,N,OP50,TA,,6/30/2021,22,,none
JB,N2,5,3,,N,OP50,TA,,6/30/2021,22,,none
JB,N2,5,2,,Y,OP50,H2O,,6/30/2021,23,,none
JB,N2,5,4,,N,OP50,H2O,,6/30/2021,23,,none
JB,N2,5,5,,Y,OP50,H2O,,6/30/2021,23,,none
JB,N2,5,2,,Y,OP50,H2O,,6/30/2021,23,,none
JB,N2,5,3,,N,OP50,H2O,,6/30/2021,23,,none
JB,N2,5,4,,N,OP50,H2O,,6/30/2021,23,,none
JB,N2,5,2,,Y,OP50,H2O,,6/30/2021,23,,none
JB,N2,5,5,,Y,OP50,H2O,,6/30/2021,23,,none
JB,N2,5,3,,Y,OP50,H2O,,6/30/2021,23,,none
JB,N2,5,4,,Y,OP50,H2O,,6/30/2021,23,,none
JB,N2,5,4,,N,OP50,H2O,,6/30/2021,24,,none
JB,N2,5,5,,Y,OP50,H2O,,6/30/2021,24,,none
JB,N2,5,5,,Y,OP50,H2O,,6/30/2021,24,,none
JB,N2,5,6,,N,OP50,H2O,,6/30/2021,24,,none
JB,N2,5,8,,Y,OP50,H2O,,6/30/2021,24,,none
JB,N2,5,5,,N,OP50,H2O,,6/30/2021,24,,none
JB,N2,5,10,,Y,OP50,H2O,,6/30/2021,24,,none
JB,N2,5,3,,N,OP50,H2O,,6/30/2021,24,,none
JB,N2,5,3,,N,OP50,H2O,,6/30/2021,24,,none
JB,N2,5,6,,Y,OP50,H2O,,6/30/2021,24,,none
JB,cest-1.2,5,3,,Y,OP50,H2O,,6/30/2021,25,,none
JB,cest-1.2,5,3,,N,OP50,H2O,,6/30/2021,25,,none
JB,cest-1.2,5,4,,Y,OP50,H2O,,6/30/2021,25,,none
JB,cest-1.2,5,5,,Y,OP50,H2O,,6/30/2021,25,,none
JB,cest-1.2,5,4,,Y,OP50,H2O,,6/30/2021,25,,none
JB,cest-1.2,5,2,,Y,OP50,H2O,,6/30/2021,25,,none
JB,cest-1.2,5,2,,Y,OP50,H2O,,6/30/2021,25,,none
JB,cest-1.2,5,3,,Y,OP50,H2O,,6/30/2021,25,,none
JB,cest-1.2,5,4,,N,OP50,H2O,,6/30/2021,25,,none
JB,cest-1.2,5,3,,Y,OP50,H2O,,6/30/2021,25,,none
JB,cest-1.2,5,2,,Y,OP50,H2O,,6/30/2021,26,,none
JB,cest-1.2,5,3,,N,OP50,H2O,,6/30/2021,26,,none
JB,cest-1.2,5,3,,N,OP50,H2O,,6/30/2021,26,,none
JB,cest-1.2,5,2,,N,OP50,H2O,,6/30/2021,26,,none
JB,cest-1.2,5,3,,N,OP50,H2O,,6/30/2021,26,,none
JB,cest-1.2,5,5,,N,OP50,H2O,,6/30/2021,26,,none
JB,cest-1.2,5,2,,Y,OP50,H2O,,6/30/2021,26,,none
JB,cest-1.2,5,3,,N,OP50,H2O,,6/30/2021,26,,none
JB,cest-1.2,5,3,,Y,OP50,H2O,,6/30/2021,26,,none
JB,cest-1.2,5,3,,Y,OP50,H2O,,6/30/2021,26,,none
JB,cest-1.2,5,4,,Y,BW25113,,,6/30/2021,27,,none
JB,cest-1.2,5,4,,Y,BW25113,,,6/30/2021,27,,none
JB,cest-1.2,5,2,,N,BW25113,,,6/30/2021,27,,none
JB,cest-1.2,5,7,,Y,BW25113,,,6/30/2021,27,,none
JB,cest-1.2,5,6,,Y,BW25113,,,6/30/2021,27,,none
JB,cest-1.2,5,4,,N,BW25113,,,6/30/2021,27,,none
JB,cest-1.2,5,3,,Y,BW25113,,,6/30/2021,27,,none
JB,cest-1.2,5,3,,Y,BW25113,,,6/30/2021,27,,none
JB,cest-1.2,5,2,,Y,BW25113,,,6/30/2021,27,,none
JB,cest-1.2,5,4,,Y,BW25113,,,6/30/2021,27,,none
JB,cest-1.2,5,6,,Y,BW25113,,,6/30/2021,28,,none
JB,cest-1.2,5,8,,Y,BW25113,,,6/30/2021,28,,none
JB,cest-1.2,5,4,,N,BW25113,,,6/30/2021,28,,none
JB,cest-1.2,5,3,,Y,BW25113,,,6/30/2021,28,,none
JB,cest-1.2,5,4,,Y,BW25113,,,6/30/2021,28,,none
JB,cest-1.2,5,5,,Y,BW25113,,,6/30/2021,28,,none
JB,cest-1.2,5,3,,N,BW25113,,,6/30/2021,28,,none
JB,cest-1.2,5,8,,N,BW25113,,,6/30/2021,28,,none
JB,cest-1.2,5,4,,N,BW25113,,,6/30/2021,28,,none
JB,N2,5,5,,N,BW25113,,,6/30/2021,29,,none
JB,N2,5,5,,Y,BW25113,,,6/30/2021,29,,none
JB,N2,5,7,,Y,BW25113,,,6/30/2021,29,,none
JB,N2,5,7,,Y,BW25113,,,6/30/2021,29,,none
JB,N2,5,4,,Y,BW25113,,,6/30/2021,29,,none
JB,N2,5,2,,Y,BW25113,,,6/30/2021,29,,none
JB,N2,5,6,,Y,BW25113,,,6/30/2021,29,,none
JB,N2,5,4,,Y,BW25113,,,6/30/2021,29,,none
JB,N2,5,4,,Y,BW25113,,,6/30/2021,29,,none
JB,N2,5,4,,Y,BW25113,,,6/30/2021,29,,none
JB,N2,5,8,,Y,BW25113,,,6/30/2021,30,,none
JB,N2,5,3,,Y,BW25113,,,6/30/2021,30,,none
JB,N2,5,6,,Y,BW25113,,,6/30/2021,30,,none
JB,N2,5,4,,Y,BW25113,,,6/30/2021,30,,none
JB,N2,5,2,,N,BW25113,,,6/30/2021,30,,none
JB,N2,5,6,,Y,BW25113,,,6/30/2021,30,,none
JB,N2,5,12,,Y,BW25113,,,6/30/2021,30,,none
JB,N2,5,7,,N,BW25113,,,6/30/2021,30,,none
JB,cest-1.2,5,3,,N,tnaA,,,6/30/2021,31,,none
JB,cest-1.2,5,4,,Y,tnaA,,,6/30/2021,31,,none
JB,cest-1.2,5,3,,Y,tnaA,,,6/30/2021,31,,none
JB,cest-1.2,5,3,,N,tnaA,,,6/30/2021,31,,none
JB,cest-1.2,5,3,,N,tnaA,,,6/30/2021,31,,none
JB,cest-1.2,5,6,,Y,tnaA,,,6/30/2021,31,,none
JB,cest-1.2,5,4,,Y,tnaA,,,6/30/2021,31,,none
JB,cest-1.2,5,6,,Y,tnaA,,,6/30/2021,31,,none
JB,cest-1.2,5,5,,N,tnaA,,,6/30/2021,31,,none
JB,cest-1.2,5,3,,N,tnaA,,,6/30/2021,31,,none
JB,cest-1.2,5,5,,Y,tnaA,,,6/30/2021,32,,none
JB,cest-1.2,5,3,,N,tnaA,,,6/30/2021,32,,none
JB,cest-1.2,5,3,,N,tnaA,,,6/30/2021,32,,none
JB,cest-1.2,5,5,,N,tnaA,,,6/30/2021,32,,none
JB,cest-1.2,5,3,,N,tnaA,,,6/30/2021,32,,none
JB,cest-1.2,5,5,,N,tnaA,,,6/30/2021,32,,none
JB,cest-1.2,5,5,,Y,tnaA,,,6/30/2021,32,,none
JB,cest-1.2,5,3,,N,tnaA,,,6/30/2021,32,,none
JB,cest-1.2,5,5,,N,tnaA,,,6/30/2021,32,,none
JB,N2,5,2,,Y,tnaA,,,6/30/2021,33,,none
JB,N2,5,5,,N,tnaA,,,6/30/2021,33,,none
JB,N2,5,4,,Y,tnaA,,,6/30/2021,33,,none
JB,N2,5,5,,Y,tnaA,,,6/30/2021,33,,none
JB,N2,5,5,,Y,tnaA,,,6/30/2021,33,,none
JB,N2,5,5,,Y,tnaA,,,6/30/2021,33,,none
JB,N2,5,5,,Y,tnaA,,,6/30/2021,33,,none
JB,N2,5,3,,N,tnaA,,,6/30/2021,33,,none
JB,N2,5,6,,Y,tnaA,,,6/30/2021,33,,none
JB,N2,5,7,,Y,tnaA,,,6/30/2021,33,,none
JB,N2,5,3,,N,tnaA,,,6/30/2021,34,,none
JB,N2,5,3,,N,tnaA,,,6/30/2021,34,,none
JB,N2,5,4,,Y,tnaA,,,6/30/2021,34,,none
JB,N2,5,2,,N,tnaA,,,6/30/2021,34,,none
JB,N2,5,5,,Y,tnaA,,,6/30/2021,34,,none
JB,N2,5,4,,N,tnaA,,,6/30/2021,34,,none
JB,N2,5,4,,Y,tnaA,,,6/30/2021,34,,none
JB,N2,5,2,,N,tnaA,,,6/30/2021,34,,none
JB,N2,5,6,,Y,tnaA,,,6/30/2021,34,,none
JB,N2,5,2,,Y,tnaA,,,6/30/2021,34,,none
JB,N2,5,4,,Y,BW25113,,,7/7/2021,35,,none
JB,N2,5,10,,N,BW25113,,,7/7/2021,35,,none
JB,N2,5,2,,Y,BW25113,,,7/7/2021,35,,none
JB,N2,5,1,,Y,BW25113,,,7/7/2021,35,,none
JB,N2,5,4,,N,BW25113,,,7/7/2021,35,,none
JB,N2,5,3,,Y,BW25113,,,7/7/2021,35,,none
JB,N2,5,6,,N,BW25113,,,7/7/2021,35,,none
JB,N2,5,4,,Y,BW25113,,,7/7/2021,35,,none
JB,N2,5,4,,N,BW25113,,,7/7/2021,35,,none
JB,N2,5,2,,Y,BW25113,,,7/7/2021,36,,none
JB,N2,5,4,,Y,BW25113,,,7/7/2021,36,,none
JB,N2,5,3,,Y,BW25113,,,7/7/2021,36,,none
JB,N2,5,3,,Y,BW25113,,,7/7/2021,36,,none
JB,N2,5,4,,Y,BW25113,,,7/7/2021,36,,none
JB,N2,5,8,,Y,BW25113,,,7/7/2021,36,,none
JB,N2,5,2,,N,BW25113,,,7/7/2021,36,,none
JB,N2,5,8,,Y,BW25113,,,7/7/2021,36,,none
JB,N2,5,2,,Y,BW25113,,,7/7/2021,36,,none
JB,N2,5,8,,Y,BW25113,,,7/7/2021,36,,none
JB,N2,5,4,,Y,BW25113,,,7/7/2021,36,,none
JB,cest-1.2,5,5,,Y,BW25113,,,7/7/2021,37,,none
JB,cest-1.2,5,4,,Y,BW25113,,,7/7/2021,37,,none
JB,cest-1.2,5,4,,N,BW25113,,,7/7/2021,37,,none
JB,cest-1.2,5,4,,Y,BW25113,,,7/7/2021,37,,none
JB,cest-1.2,5,4,,Y,BW25113,,,7/7/2021,37,,none
JB,cest-1.2,5,3,,Y,BW25113,,,7/7/2021,37,,none
JB,cest-1.2,5,4,,N,BW25113,,,7/7/2021,37,,none
JB,cest-1.2,5,4,,Y,BW25113,,,7/7/2021,37,,none
JB,cest-1.2,5,7,,Y,BW25113,,,7/7/2021,37,,none
JB,cest-1.2,5,4,,Y,BW25113,,,7/7/2021,37,,none
JB,cest-1.2,5,3,,Y,BW25113,,,7/7/2021,38,,none
JB,cest-1.2,5,4,,N,BW25113,,,7/7/2021,38,,none
JB,cest-1.2,5,2,,Y,BW25113,,,7/7/2021,38,,none
JB,cest-1.2,5,6,,Y,BW25113,,,7/7/2021,38,,none
JB,cest-1.2,5,5,,Y,BW25113,,,7/7/2021,38,,none
JB,cest-1.2,5,4,,Y,BW25113,,,7/7/2021,38,,none
JB,cest-1.2,5,4,,Y,BW25113,,,7/7/2021,38,,none
JB,cest-1.2,5,5,,Y,BW25113,,,7/7/2021,38,,none
JB,cest-1.2,5,4,,N,BW25113,,,7/7/2021,38,,none
JB,cest-1.2,5,4,,Y,BW25113,,,7/7/2021,38,,none
JB,cest-1.2,5,4,,N,tnaA,,,7/7/2021,39,,none
JB,cest-1.2,5,3,,Y,tnaA,,,7/7/2021,39,,none
JB,cest-1.2,5,5,,Y,tnaA,,,7/7/2021,39,,none
JB,cest-1.2,5,5,,Y,tnaA,,,7/7/2021,39,,none
JB,cest-1.2,5,3,,N,tnaA,,,7/7/2021,39,,none
JB,cest-1.2,5,5,,Y,tnaA,,,7/7/2021,39,,none
JB,cest-1.2,5,2,,Y,tnaA,,,7/7/2021,39,,none
JB,cest-1.2,5,4,,Y,tnaA,,,7/7/2021,39,,none
JB,cest-1.2,5,3,,Y,tnaA,,,7/7/2021,39,,none
JB,cest-1.2,5,4,,Y,tnaA,,,7/7/2021,39,,none
JB,cest-1.2,5,7,,Y,tnaA,,,7/7/2021,40,,none
JB,cest-1.2,5,5,,Y,tnaA,,,7/7/2021,40,,none
JB,cest-1.2,5,5,,Y,tnaA,,,7/7/2021,40,,none
JB,cest-1.2,5,7,,Y,tnaA,,,7/7/2021,40,,none
JB,cest-1.2,5,2,,N,tnaA,,,7/7/2021,40,,none
JB,cest-1.2,5,3,,Y,tnaA,,,7/7/2021,40,,none
JB,cest-1.2,5,3,,Y,tnaA,,,7/7/2021,40,,none
JB,cest-1.2,5,6,,Y,tnaA,,,7/7/2021,40,,none
JB,cest-1.2,5,4,,Y,tnaA,,,7/7/2021,40,,none
JB,N2,5,4,,N,tnaA,,,7/7/2021,41,,none
JB,N2,5,1,,Y,tnaA,,,7/7/2021,41,,none
JB,N2,5,5,,Y,tnaA,,,7/7/2021,41,,none
JB,N2,5,4,,Y,tnaA,,,7/7/2021,41,,none
JB,N2,5,5,,N,tnaA,,,7/7/2021,41,,none
JB,N2,5,5,,N,tnaA,,,7/7/2021,41,,none
JB,N2,5,2,,Y,tnaA,,,7/7/2021,41,,none
JB,N2,5,2,,Y,tnaA,,,7/7/2021,41,,none
JB,N2,5,5,,Y,tnaA,,,7/7/2021,41,,none
JB,N2,5,4,,Y,tnaA,,,7/7/2021,42,,none
JB,N2,5,4,,Y,tnaA,,,7/7/2021,42,,none
JB,N2,5,6,,Y,tnaA,,,7/7/2021,42,,none
JB,N2,5,4,,Y,tnaA,,,7/7/2021,42,,none
JB,N2,5,3,,Y,tnaA,,,7/7/2021,42,,none
JB,N2,5,2,,N,tnaA,,,7/7/2021,42,,none
JB,N2,5,2,,Y,tnaA,,,7/7/2021,42,,none
JB,N2,5,3,,Y,tnaA,,,7/7/2021,42,,none
JB,N2,5,2,,Y,tnaA,,,7/7/2021,42,,none
JB,N2,5,3,,Y,tnaA,,,7/7/2021,42,,none
JB,N2,5,3,,N,OP50,,,7/8/2021,43,,none
JB,N2,5,4,,Y,OP50,,,7/8/2021,43,,none
JB,N2,5,2,,Y,OP50,,,7/8/2021,43,,none
JB,N2,5,4,,N,OP50,,,7/8/2021,43,,none
JB,N2,5,2,,Y,OP50,,,7/8/2021,43,,none
JB,N2,5,4,,Y,OP50,,,7/8/2021,43,,none
JB,N2,5,4,,Y,OP50,,,7/8/2021,43,,none
JB,N2,5,2,,N,OP50,,,7/8/2021,43,,none
JB,N2,5,5,,N,OP50,,,7/8/2021,43,,none
JB,N2,5,5,,Y,OP50,,,7/8/2021,43,,none
JB,N2,5,4,,Y,OP50,,,7/8/2021,44,,none
JB,N2,5,6,,Y,OP50,,,7/8/2021,44,,none
JB,N2,5,3,,N,OP50,,,7/8/2021,44,,none
JB,N2,5,3,,N,OP50,,,7/8/2021,44,,none
JB,N2,5,3,,Y,OP50,,,7/8/2021,44,,none
JB,N2,5,1,,N,OP50,,,7/8/2021,44,,none
JB,N2,5,4,,Y,OP50,,,7/8/2021,44,,none
JB,N2,5,3,,N,OP50,,,7/8/2021,44,,none
JB,N2,5,2,,Y,OP50,,,7/8/2021,44,,none
JB,N2,5,3,,N,OP50,,,7/8/2021,44,,none
JB,daf-22,5,5,,Y,OP50,,,7/8/2021,45,,none
JB,daf-22,5,4,,Y,OP50,,,7/8/2021,45,,none
JB,daf-22,5,6,,N,OP50,,,7/8/2021,45,,none
JB,daf-22,5,7,,Y,OP50,,,7/8/2021,45,,none
JB,daf-22,5,5,,N,OP50,,,7/8/2021,45,,none
JB,daf-22,5,4,,Y,OP50,,,7/8/2021,45,,none
JB,daf-22,5,5,,N,OP50,,,7/8/2021,45,,none
JB,daf-22,5,4,,N,OP50,,,7/8/2021,45,,none
JB,daf-22,5,2,,N,OP50,,,7/8/2021,45,,none
JB,daf-22,5,3,,N,OP50,,,7/8/2021,45,,none
JB,daf-22,5,4,,N,OP50,,,7/8/2021,46,,none
JB,daf-22,5,2,,Y,OP50,,,7/8/2021,46,,none
JB,daf-22,5,4,,Y,OP50,,,7/8/2021,46,,none
JB,daf-22,5,5,,N,OP50,,,7/8/2021,46,,none
JB,daf-22,5,6,,Y,OP50,,,7/8/2021,46,,none
JB,daf-22,5,4,,N,OP50,,,7/8/2021,46,,none
JB,daf-22,5,3,,N,OP50,,,7/8/2021,46,,none
JB,daf-22,5,5,,Y,OP50,,,7/8/2021,46,,none
JB,daf-22,5,5,,Y,OP50,,,7/8/2021,46,,none
JB,daf-22,5,6,,Y,OP50,,,7/8/2021,46,,none
JB,cest-1.2,5,3,,Y,OP50,,,7/8/2021,47,,none
JB,cest-1.2,5,5,,Y,OP50,,,7/8/2021,47,,none
JB,cest-1.2,5,2,,Y,OP50,,,7/8/2021,47,,none
JB,cest-1.2,5,2,,Y,OP50,,,7/8/2021,47,,none
JB,cest-1.2,5,5,,Y,OP50,,,7/8/2021,47,,none
JB,cest-1.2,5,4,,Y,OP50,,,7/8/2021,47,,none
JB,cest-1.2,5,4,,Y,OP50,,,7/8/2021,47,,none
JB,cest-1.2,5,5,,Y,OP50,,,7/8/2021,47,,none
JB,cest-1.2,5,2,,Y,OP50,,,7/8/2021,47,,none
JB,cest-1.2,5,2,,Y,OP50,,,7/8/2021,47,,none
JB,cest-1.2,5,4,,N,OP50,,,7/8/2021,48,,none
JB,cest-1.2,5,4,,Y,OP50,,,7/8/2021,48,,none
JB,cest-1.2,5,5,,Y,OP50,,,7/8/2021,48,,none
JB,cest-1.2,5,3,,N,OP50,,,7/8/2021,48,,none
JB,cest-1.2,5,3,,N,OP50,,,7/8/2021,48,,none
JB,cest-1.2,5,4,,N,OP50,,,7/8/2021,48,,none
JB,cest-1.2,5,3,,N,OP50,,,7/8/2021,48,,none
JB,cest-1.2,5,4,,Y,OP50,,,7/8/2021,48,,none
JB,cest-1.2,5,5,,Y,OP50,,,7/8/2021,48,,none
JB,cest-1.2,5,5,,Y,OP50,,,7/8/2021,48,,none
JB,N2,5,4,,Y,OP50,TA,,7/8/2021,49,,none
JB,N2,5,3,,Y,OP50,TA,,7/8/2021,49,,none
JB,N2,5,3,,Y,OP50,TA,,7/8/2021,49,,none
JB,N2,5,2,,N,OP50,TA,,7/8/2021,49,,none
JB,N2,5,5,,Y,OP50,TA,,7/8/2021,49,,none
JB,N2,5,5,,N,OP50,TA,,7/8/2021,49,,none
JB,N2,5,3,,Y,OP50,TA,,7/8/2021,49,,none
JB,N2,5,2,,Y,OP50,TA,,7/8/2021,49,,none
JB,N2,5,7,,Y,OP50,TA,,7/8/2021,49,,none
JB,N2,5,3,,Y,OP50,TA,,7/8/2021,49,,none
JB,N2,5,5,,Y,OP50,TA,,7/8/2021,50,,none
JB,N2,5,4,,Y,OP50,TA,,7/8/2021,50,,none
JB,N2,5,2,,Y,OP50,TA,,7/8/2021,50,,none
JB,N2,5,2,,N,OP50,TA,,7/8/2021,50,,none
JB,N2,5,3,,Y,OP50,TA,,7/8/2021,50,,none
JB,N2,5,5,,N,OP50,TA,,7/8/2021,50,,none
JB,N2,5,4,,Y,OP50,TA,,7/8/2021,50,,none
JB,N2,5,2,,Y,OP50,TA,,7/8/2021,50,,none
JB,N2,5,2,,N,OP50,TA,,7/8/2021,50,,none
JB,cest-1.2,5,3,,Y,OP50,H2O,,7/8/2021,51,,none
JB,cest-1.2,5,3,,Y,OP50,H2O,,7/8/2021,51,,none
JB,cest-1.2,5,3,,Y,OP50,H2O,,7/8/2021,51,,none
JB,cest-1.2,5,2,,N,OP50,H2O,,7/8/2021,51,,none
JB,cest-1.2,5,2,,N,OP50,H2O,,7/8/2021,51,,none
JB,cest-1.2,5,3,,N,OP50,H2O,,7/8/2021,51,,none
JB,cest-1.2,5,4,,Y,OP50,H2O,,7/8/2021,51,,none
JB,cest-1.2,5,4,,Y,OP50,H2O,,7/8/2021,51,,none
JB,cest-1.2,5,4,,Y,OP50,H2O,,7/8/2021,51,,none
JB,cest-1.2,5,5,,Y,OP50,H2O,,7/8/2021,51,,none
JB,cest-1.2,5,5,,Y,OP50,H2O,,7/8/2021,52,,none
JB,cest-1.2,5,6,,N,OP50,H2O,,7/8/2021,52,,none
JB,cest-1.2,5,4,,Y,OP50,H2O,,7/8/2021,52,,none
JB,cest-1.2,5,4,,Y,OP50,H2O,,7/8/2021,52,,none
JB,cest-1.2,5,4,,Y,OP50,H2O,,7/8/2021,52,,none
JB,cest-1.2,5,2,,Y,OP50,H2O,,7/8/2021,52,,none
JB,cest-1.2,5,3,,Y,OP50,H2O,,7/8/2021,52,,none
JB,cest-1.2,5,4,,Y,OP50,H2O,,7/8/2021,52,,none
JB,cest-1.2,5,3,,Y,OP50,H2O,,7/8/2021,52,,none
JB,cest-1.2,5,3,,Y,OP50,H2O,,7/8/2021,52,,none
JB,N2,5,4,,Y,OP50,H2O,,7/8/2021,53,,none
JB,N2,5,2,,N,OP50,H2O,,7/8/2021,53,,none
JB,N2,5,4,,N,OP50,H2O,,7/8/2021,53,,none
JB,N2,5,4,,Y,OP50,H2O,,7/8/2021,53,,none
JB,N2,5,4,,N,OP50,H2O,,7/8/2021,53,,none
JB,N2,5,7,,Y,OP50,H2O,,7/8/2021,53,,none
JB,N2,5,4,,Y,OP50,H2O,,7/8/2021,53,,none
JB,N2,5,3,,N,OP50,H2O,,7/8/2021,53,,none
JB,N2,5,2,,Y,OP50,H2O,,7/8/2021,53,,none
JB,N2,5,2,,Y,OP50,H2O,,7/8/2021,53,,none
JB,N2,5,4,,Y,OP50,H2O,,7/8/2021,54,,none
JB,N2,5,4,,N,OP50,H2O,,7/8/2021,54,,none
JB,N2,5,4,,Y,OP50,H2O,,7/8/2021,54,,none
JB,N2,5,4,,Y,OP50,H2O,,7/8/2021,54,,none
JB,N2,5,3,,N,OP50,H2O,,7/8/2021,54,,none
JB,N2,5,2,,Y,OP50,H2O,,7/8/2021,54,,none
JB,N2,5,6,,Y,OP50,H2O,,7/8/2021,54,,none
JB,N2,5,2,,Y,OP50,H2O,,7/8/2021,54,,none
JB,N2,5,4,,N,OP50,H2O,,7/8/2021,54,,none
JB,cest-1.2,5,4,,Y,OP50,TA,,7/8/2021,55,,none
JB,cest-1.2,5,2,,Y,OP50,TA,,7/8/2021,55,,none
JB,cest-1.2,5,4,,Y,OP50,TA,,7/8/2021,55,,none
JB,cest-1.2,5,3,,Y,OP50,TA,,7/8/2021,55,,none
JB,cest-1.2,5,2,,Y,OP50,TA,,7/8/2021,55,,none
JB,cest-1.2,5,4,,Y,OP50,TA,,7/8/2021,55,,none
JB,cest-1.2,5,2,,Y,OP50,TA,,7/8/2021,55,,none
JB,cest-1.2,5,2,,Y,OP50,TA,,7/8/2021,55,,none
JB,cest-1.2,5,4,,Y,OP50,TA,,7/8/2021,55,,none
JB,cest-1.2,5,3,,Y,OP50,TA,,7/8/2021,56,,none
JB,cest-1.2,5,2,,Y,OP50,TA,,7/8/2021,56,,none
JB,cest-1.2,5,3,,N,OP50,TA,,7/8/2021,56,,none
JB,cest-1.2,5,4,,Y,OP50,TA,,7/8/2021,56,,none
JB,cest-1.2,5,3,,Y,OP50,TA,,7/8/2021,56,,none
JB,cest-1.2,5,3,,Y,OP50,TA,,7/8/2021,56,,none
JB,cest-1.2,5,3,,Y,OP50,TA,,7/8/2021,56,,none
JB,cest-1.2,5,3,,Y,OP50,TA,,7/8/2021,56,,none
JB,cest-1.2,5,5,,N,OP50,TA,,7/8/2021,56,,none
JB,cest-1.2,5,4,,Y,OP50,TA,,7/8/2021,56,,none
JB,cest-1.2,5,1,,Y,BW25113,,,7/14/2021,57,,none
JB,cest-1.2,5,2,,Y,BW25113,,,7/14/2021,57,,none
JB,cest-1.2,5,5,,Y,BW25113,,,7/14/2021,57,,none
JB,cest-1.2,5,3,,Y,BW25113,,,7/14/2021,57,,none
JB,cest-1.2,5,3,,N,BW25113,,,7/14/2021,57,,none
JB,cest-1.2,5,2,,Y,BW25113,,,7/14/2021,57,,none
JB,cest-1.2,5,3,,Y,BW25113,,,7/14/2021,57,,none
JB,cest-1.2,5,5,,Y,BW25113,,,7/14/2021,57,,none
JB,cest-1.2,5,4,,Y,BW25113,,,7/14/2021,57,,none
JB,cest-1.2,5,4,,N,BW25113,,,7/14/2021,57,,none
JB,cest-1.2,5,2,,Y,BW25113,,,7/14/2021,58,,none
JB,cest-1.2,5,3,,Y,BW25113,,,7/14/2021,58,,none
JB,cest-1.2,5,4,,Y,BW25113,,,7/14/2021,58,,none
JB,cest-1.2,5,3,,Y,BW25113,,,7/14/2021,58,,none
JB,cest-1.2,5,5,,Y,BW25113,,,7/14/2021,58,,none
JB,cest-1.2,5,4,,Y,BW25113,,,7/14/2021,58,,none
JB,cest-1.2,5,4,,N,BW25113,,,7/14/2021,58,,none
JB,cest-1.2,5,3,,N,BW25113,,,7/14/2021,58,,none
JB,cest-1.2,5,7,,N,tnaA,,,7/14/2021,59,,none
JB,cest-1.2,5,4,,Y,tnaA,,,7/14/2021,59,,none
JB,cest-1.2,5,3,,Y,tnaA,,,7/14/2021,59,,none
JB,cest-1.2,5,2,,Y,tnaA,,,7/14/2021,59,,none
JB,cest-1.2,5,3,,N,tnaA,,,7/14/2021,59,,none
JB,cest-1.2,5,4,,N,tnaA,,,7/14/2021,59,,none
JB,cest-1.2,5,4,,Y,tnaA,,,7/14/2021,59,,none
JB,cest-1.2,5,4,,Y,tnaA,,,7/14/2021,59,,none
JB,cest-1.2,5,4,,Y,tnaA,,,7/14/2021,59,,none
JB,cest-1.2,5,3,,N,tnaA,,,7/14/2021,59,,none
JB,cest-1.2,5,3,,Y,tnaA,,,7/14/2021,60,,none
JB,cest-1.2,5,4,,Y,tnaA,,,7/14/2021,60,,none
JB,cest-1.2,5,4,,Y,tnaA,,,7/14/2021,60,,none
JB,cest-1.2,5,3,,Y,tnaA,,,7/14/2021,60,,none
JB,cest-1.2,5,4,,Y,tnaA,,,7/14/2021,60,,none
JB,cest-1.2,5,3,,Y,tnaA,,,7/14/2021,60,,none
JB,cest-1.2,5,2,,N,tnaA,,,7/14/2021,60,,none
JB,cest-1.2,5,2,,Y,tnaA,,,7/14/2021,60,,none
JB,cest-1.2,5,3,,Y,tnaA,,,7/14/2021,60,,none
JB,N2,5,4,,N,tnaA,,,7/14/2021,61,,none
JB,N2,5,5,,Y,tnaA,,,7/14/2021,61,,none
JB,N2,5,2,,Y,tnaA,,,7/14/2021,61,,none
JB,N2,5,4,,N,tnaA,,,7/14/2021,61,,none
JB,N2,5,2,,N,tnaA,,,7/14/2021,61,,none
JB,N2,5,6,,Y,tnaA,,,7/14/2021,61,,none
JB,N2,5,5,,N,tnaA,,,7/14/2021,61,,none
JB,N2,5,3,,Y,tnaA,,,7/14/2021,61,,none
JB,N2,5,3,,N,tnaA,,,7/14/2021,61,,none
JB,N2,5,4,,Y,tnaA,,,7/14/2021,61,,none
JB,N2,5,6,,Y,tnaA,,,7/14/2021,62,,none
JB,N2,5,2,,Y,tnaA,,,7/14/2021,62,,none
JB,N2,5,5,,Y,tnaA,,,7/14/2021,62,,none
JB,N2,5,6,,Y,tnaA,,,7/14/2021,62,,none
JB,N2,5,5,,Y,tnaA,,,7/14/2021,62,,none
JB,N2,5,2,,Y,tnaA,,,7/14/2021,62,,none
JB,N2,5,5,,Y,tnaA,,,7/14/2021,62,,none
JB,N2,5,2,,Y,tnaA,,,7/14/2021,62,,none
JB,N2,5,5,,N,tnaA,,,7/14/2021,62,,none
JB,N2,5,2,,N,tnaA,,,7/14/2021,62,,none
JB,N2,5,3,,N,BW25113,,,7/14/2021,63,,none
JB,N2,5,4,,Y,BW25113,,,7/14/2021,63,,none
JB,N2,5,3,,Y,BW25113,,,7/14/2021,63,,none
JB,N2,5,2,,Y,BW25113,,,7/14/2021,63,,none
JB,N2,5,4,,Y,BW25113,,,7/14/2021,63,,none
JB,N2,5,4,,Y,BW25113,,,7/14/2021,63,,none
JB,N2,5,3,,Y,BW25113,,,7/14/2021,63,,none
JB,N2,5,3,,Y,BW25113,,,7/14/2021,63,,none
JB,N2,5,4,,Y,BW25113,,,7/14/2021,63,,none
JB,N2,5,4,,Y,BW25113,,,7/14/2021,63,,none
JB,N2,5,3,,Y,BW25113,,,7/14/2021,64,,none
JB,N2,5,3,,Y,BW25113,,,7/14/2021,64,,none
JB,N2,5,3,,Y,BW25113,,,7/14/2021,64,,none
JB,N2,5,2,,Y,BW25113,,,7/14/2021,64,,none
JB,N2,5,2,,Y,BW25113,,,7/14/2021,64,,none
JB,N2,5,6,,Y,BW25113,,,7/14/2021,64,,none
JB,N2,5,4,,Y,BW25113,,,7/14/2021,64,,none
JB,N2,5,3,,Y,BW25113,,,7/14/2021,64,,none
JB,N2,5,4,,Y,BW25113,,,7/14/2021,64,,none
JB,N2,5,3,,Y,BW25113,,,7/14/2021,64,,none
JB,N2,5,3,,Y,OP50,,,7/14/2021,65,,none
JB,N2,5,4,,Y,OP50,,,7/14/2021,65,,none
JB,N2,5,2,,Y,OP50,,,7/14/2021,65,,none
JB,N2,5,4,,Y,OP50,,,7/14/2021,65,,none
JB,N2,5,4,,Y,OP50,,,7/14/2021,65,,none
JB,N2,5,7,,Y,OP50,,,7/14/2021,65,,none
JB,N2,5,5,,Y,OP50,,,7/14/2021,65,,none
JB,N2,5,3,,Y,OP50,,,7/14/2021,65,,none
JB,N2,5,3,,Y,OP50,,,7/14/2021,65,,none
JB,N2,5,3,,Y,OP50,,,7/14/2021,65,,none
JB,N2,5,3,,Y,OP50,,,7/14/2021,66,,none
JB,N2,5,3,,Y,OP50,,,7/14/2021,66,,none
JB,N2,5,4,,Y,OP50,,,7/14/2021,66,,none
JB,N2,5,4,,Y,OP50,,,7/14/2021,66,,none
JB,N2,5,4,,Y,OP50,,,7/14/2021,66,,none
JB,N2,5,3,,Y,OP50,,,7/14/2021,66,,none
JB,N2,5,7,,N,OP50,,,7/14/2021,66,,none
JB,N2,5,5,,Y,OP50,,,7/14/2021,66,,none
JB,N2,5,2,,Y,OP50,,,7/14/2021,66,,none
JB,cest-1.2,5,4,,Y,OP50,,,7/14/2021,67,,none
JB,cest-1.2,5,2,,N,OP50,,,7/14/2021,67,,none
JB,cest-1.2,5,4,,Y,OP50,,,7/14/2021,67,,none
JB,cest-1.2,5,2,,Y,OP50,,,7/14/2021,67,,none
JB,cest-1.2,5,3,,Y,OP50,,,7/14/2021,67,,none
JB,cest-1.2,5,5,,Y,OP50,,,7/14/2021,67,,none
JB,cest-1.2,5,3,,Y,OP50,,,7/14/2021,67,,none
JB,cest-1.2,5,4,,Y,OP50,,,7/14/2021,67,,none
JB,cest-1.2,5,3,,Y,OP50,,,7/14/2021,67,,none
JB,cest-1.2,5,7,,Y,OP50,,,7/14/2021,67,,none
JB,cest-1.2,5,2,,Y,OP50,,,7/14/2021,68,,none
JB,cest-1.2,5,2,,Y,OP50,,,7/14/2021,68,,none
JB,cest-1.2,5,3,,Y,OP50,,,7/14/2021,68,,none
JB,cest-1.2,5,3,,Y,OP50,,,7/14/2021,68,,none
JB,cest-1.2,5,2,,Y,OP50,,,7/14/2021,68,,none
JB,cest-1.2,5,3,,Y,OP50,,,7/14/2021,68,,none
JB,cest-1.2,5,4,,Y,OP50,,,7/14/2021,68,,none
JB,cest-1.2,5,2,,Y,OP50,,,7/14/2021,68,,none
JB,cest-1.2,5,2,,Y,OP50,,,7/14/2021,68,,none
JB,cest-1.2,5,5,,Y,OP50,H2O,,7/15/2021,69,,none
JB,cest-1.2,5,4,,Y,OP50,H2O,,7/15/2021,69,,none
JB,cest-1.2,5,3,,N,OP50,H2O,,7/15/2021,69,,none
JB,cest-1.2,5,4,,Y,OP50,H2O,,7/15/2021,69,,none
JB,cest-1.2,5,4,,Y,OP50,H2O,,7/15/2021,69,,none
JB,cest-1.2,5,2,,Y,OP50,H2O,,7/15/2021,69,,none
JB,cest-1.2,5,5,,N,OP50,H2O,,7/15/2021,69,,none
JB,cest-1.2,5,4,,Y,OP50,H2O,,7/15/2021,69,,none
JB,cest-1.2,5,3,,Y,OP50,H2O,,7/15/2021,69,,none
JB,cest-1.2,5,5,,Y,OP50,H2O,,7/15/2021,69,,none
JB,cest-1.2,5,5,,N,OP50,H2O,,7/15/2021,70,,none
JB,cest-1.2,5,4,,Y,OP50,H2O,,7/15/2021,70,,none
JB,cest-1.2,5,5,,Y,OP50,H2O,,7/15/2021,70,,none
JB,cest-1.2,5,3,,Y,OP50,H2O,,7/15/2021,70,,none
JB,cest-1.2,5,4,,Y,OP50,H2O,,7/15/2021,70,,none
JB,cest-1.2,5,4,,Y,OP50,H2O,,7/15/2021,70,,none
JB,cest-1.2,5,3,,Y,OP50,H2O,,7/15/2021,70,,none
JB,cest-1.2,5,3,,Y,OP50,H2O,,7/15/2021,70,,none
JB,cest-1.2,5,4,,Y,OP50,H2O,,7/15/2021,70,,none
JB,cest-1.2,5,4,,Y,OP50,H2O,,7/15/2021,70,,none
JB,N2,5,2,,Y,OP50,H2O,,7/15/2021,71,,none
JB,N2,5,2,,N,OP50,H2O,,7/15/2021,71,,none
JB,N2,5,3,,Y,OP50,H2O,,7/15/2021,71,,none
JB,N2,5,3,,Y,OP50,H2O,,7/15/2021,71,,none
JB,N2,5,5,,Y,OP50,H2O,,7/15/2021,71,,none
JB,N2,5,6,,Y,OP50,H2O,,7/15/2021,71,,none
JB,N2,5,3,,Y,OP50,H2O,,7/15/2021,71,,none
JB,N2,5,2,,N,OP50,H2O,,7/15/2021,71,,none
JB,N2,5,4,,Y,OP50,H2O,,7/15/2021,71,,none
JB,N2,5,4,,N,OP50,H2O,,7/15/2021,71,,none
JB,N2,5,5,,Y,OP50,H2O,,7/15/2021,72,,none
JB,N2,5,4,,N,OP50,H2O,,7/15/2021,72,,none
JB,N2,5,6,,Y,OP50,H2O,,7/15/2021,72,,none
JB,N2,5,3,,Y,OP50,H2O,,7/15/2021,72,,none
JB,N2,5,4,,N,OP50,H2O,,7/15/2021,72,,none
JB,N2,5,9,,Y,OP50,H2O,,7/15/2021,72,,none
JB,N2,5,3,,Y,OP50,H2O,,7/15/2021,72,,none
JB,N2,5,4,,Y,OP50,H2O,,7/15/2021,72,,none
JB,N2,5,3,,Y,OP50,H2O,,7/15/2021,72,,none
JB,N2,5,3,,Y,OP50,TA,,7/15/2021,73,,none
JB,N2,5,3,,Y,OP50,TA,,7/15/2021,73,,none
JB,N2,5,3,,N,OP50,TA,,7/15/2021,73,,none
JB,N2,5,4,,N,OP50,TA,,7/15/2021,73,,none
JB,N2,5,6,,Y,OP50,TA,,7/15/2021,73,,none
JB,N2,5,4,,Y,OP50,TA,,7/15/2021,73,,none
JB,N2,5,3,,Y,OP50,TA,,7/15/2021,73,,none
JB,N2,5,2,,N,OP50,TA,,7/15/2021,73,,none
JB,N2,5,2,,N,OP50,TA,,7/15/2021,73,,none
JB,N2,5,3,,Y,OP50,TA,,7/15/2021,73,,none
JB,N2,5,3,,N,OP50,TA,,7/15/2021,74,,none
JB,N2,5,5,,N,OP50,TA,,7/15/2021,74,,none
JB,N2,5,7,,Y,OP50,TA,,7/15/2021,74,,none
JB,N2,5,5,,Y,OP50,TA,,7/15/2021,74,,none
JB,N2,5,3,,N,OP50,TA,,7/15/2021,74,,none
JB,N2,5,2,,Y,OP50,TA,,7/15/2021,74,,none
JB,N2,5,5,,N,OP50,TA,,7/15/2021,74,,none
JB,N2,5,3,,N,OP50,TA,,7/15/2021,74,,none
JB,N2,5,6,,Y,OP50,TA,,7/15/2021,74,,none
JB,N2,5,4,,Y,OP50,TA,,7/15/2021,74,,none
JB,cest-1.2,5,4,,Y,OP50,TA,,7/15/2021,75,,none
JB,cest-1.2,5,4,,Y,OP50,TA,,7/15/2021,75,,none
JB,cest-1.2,5,3,,Y,OP50,TA,,7/15/2021,75,,none
JB,cest-1.2,5,3,,Y,OP50,TA,,7/15/2021,75,,none
JB,cest-1.2,5,4,,N,OP50,TA,,7/15/2021,75,,none
JB,cest-1.2,5,5,,Y,OP50,TA,,7/15/2021,75,,none
JB,cest-1.2,5,7,,Y,OP50,TA,,7/15/2021,75,,none
JB,cest-1.2,5,2,,Y,OP50,TA,,7/15/2021,75,,none
JB,cest-1.2,5,3,,Y,OP50,TA,,7/15/2021,75,,none
JB,cest-1.2,5,8,,Y,OP50,TA,,7/15/2021,75,,none
JB,cest-1.2,5,1,,Y,OP50,TA,,7/15/2021,76,,none
JB,cest-1.2,5,4,,Y,OP50,TA,,7/15/2021,76,,none
JB,cest-1.2,5,3,,Y,OP50,TA,,7/15/2021,76,,none
JB,cest-1.2,5,3,,N,OP50,TA,,7/15/2021,76,,none
JB,cest-1.2,5,4,,Y,OP50,TA,,7/15/2021,76,,none
JB,cest-1.2,5,2,,Y,OP50,TA,,7/15/2021,76,,none
JB,cest-1.2,5,3,,N,OP50,TA,,7/15/2021,76,,none
JB,cest-1.2,5,3,,Y,OP50,TA,,7/15/2021,76,,none
JB,cest-1.2,5,5,,Y,OP50,TA,,7/15/2021,76,,none
JB,cest-1.2,5,5,,N,OP50,TA,,7/15/2021,76,,none
JB,N2,5,4,,N,OP50,,,7/23/2021,77,,none
JB,N2,5,3,,Y,OP50,,,7/23/2021,77,,none
JB,N2,5,7,,Y,OP50,,,7/23/2021,77,,none
JB,N2,5,2,,N,OP50,,,7/23/2021,77,,none
JB,N2,5,4,,Y,OP50,,,7/23/2021,77,,none
JB,N2,5,6,,Y,OP50,,,7/23/2021,77,,none
JB,N2,5,3,,Y,OP50,,,7/23/2021,77,,none
JB,N2,5,3,,Y,OP50,,,7/23/2021,77,,none
JB,N2,5,4,,Y,OP50,,,7/23/2021,77,,none
JB,N2,5,5,,Y,OP50,,,7/23/2021,77,,none
JB,N2,5,3,,Y,OP50,,,7/23/2021,77,,none
JB,N2,5,2,,N,OP50,,plate contaminated,7/23/2021,78,,none
JB,N2,5,3,,N,OP50,,plate contaminated,7/23/2021,78,,none
JB,N2,5,6,,Y,OP50,,plate contaminated,7/23/2021,78,,none
JB,N2,5,3,,Y,OP50,,plate contaminated,7/23/2021,78,,none
JB,N2,5,2,,Y,OP50,,plate contaminated,7/23/2021,78,,none
JB,N2,5,4,,Y,OP50,,plate contaminated,7/23/2021,78,,none
JB,N2,5,4,,Y,OP50,,plate contaminated,7/23/2021,78,,none
JB,cest-1.2,5,2,,Y,OP50,,,7/23/2021,79,,none
JB,cest-1.2,5,2,,Y,OP50,,,7/23/2021,79,,none
JB,cest-1.2,5,4,,Y,OP50,,,7/23/2021,79,,none
JB,cest-1.2,5,4,,Y,OP50,,,7/23/2021,79,,none
JB,cest-1.2,5,3,,N,OP50,,,7/23/2021,79,,none
JB,cest-1.2,5,3,,N,OP50,,,7/23/2021,79,,none
JB,cest-1.2,5,4,,Y,OP50,,,7/23/2021,79,,none
JB,cest-1.2,5,2,,Y,OP50,,,7/23/2021,79,,none
JB,cest-1.2,5,3,,N,OP50,,,7/23/2021,79,,none
JB,cest-1.2,5,4,,Y,OP50,,,7/23/2021,79,,none
JB,cest-1.2,5,4,,Y,OP50,,,7/23/2021,80,,none
JB,cest-1.2,5,1,,Y,OP50,,,7/23/2021,80,,none
JB,cest-1.2,5,3,,N,OP50,,,7/23/2021,80,,none
JB,cest-1.2,5,4,,Y,OP50,,,7/23/2021,80,,none
JB,cest-1.2,5,3,,Y,OP50,,,7/23/2021,80,,none
JB,cest-1.2,5,3,,Y,OP50,,,7/23/2021,80,,none
JB,cest-1.2,5,5,,Y,OP50,,,7/23/2021,80,,none
JB,cest-1.2,5,5,,Y,OP50,,,7/23/2021,80,,none
JB,cest-1.2,5,4,,Y,OP50,,,7/23/2021,80,,none
JB,cest-1.2,5,5,,Y,OP50,,,7/23/2021,80,,none
JB,cest-1.2,5,3,,N,OP50,,,7/23/2021,81,,none
JB,cest-1.2,5,6,,Y,OP50,,,7/23/2021,81,,none
JB,cest-1.2,5,2,,Y,OP50,,,7/23/2021,81,,none
JB,cest-1.2,5,3,,Y,OP50,,,7/23/2021,81,,none
JB,cest-1.2,5,5,,Y,OP50,,,7/23/2021,81,,none
JB,cest-1.2,5,4,,Y,OP50,,,7/23/2021,81,,none
JB,cest-1.2,5,4,,N,OP50,,,7/23/2021,81,,none
JB,cest-1.2,5,3,,N,OP50,,,7/23/2021,81,,none
JB,cest-1.2,5,4,,Y,OP50,,,7/23/2021,81,,none
JB,cest-1.2,5,7,,Y,OP50,,,7/23/2021,81,,none
JB,cest-1.2,5,3,,N,OP50,,,7/23/2021,82,,none
JB,cest-1.2,5,4,,Y,OP50,,,7/23/2021,82,,none
JB,cest-1.2,5,2,,Y,OP50,,,7/23/2021,82,,none
JB,cest-1.2,5,3,,N,OP50,,,7/23/2021,82,,none
JB,cest-1.2,5,3,,N,OP50,,,7/23/2021,82,,none
JB,cest-1.2,5,2,,N,OP50,,,7/23/2021,82,,none
JB,cest-1.2,5,4,,Y,OP50,,,7/23/2021,82,,none
JB,cest-1.2,5,5,,Y,OP50,,,7/23/2021,82,,none
JB,cest-1.2,5,3,,N,OP50,,,7/23/2021,82,,none
JB,N2,5,7,,Y,OP50,,,7/23/2021,83,,none
JB,N2,5,6,,Y,OP50,,,7/23/2021,83,,none
JB,N2,5,4,,Y,OP50,,,7/23/2021,83,,none
JB,N2,5,3,,Y,OP50,,,7/23/2021,83,,none
JB,N2,5,4,,Y,OP50,,,7/23/2021,83,,none
JB,N2,5,5,,Y,OP50,,,7/23/2021,83,,none
JB,N2,5,5,,N,OP50,,,7/23/2021,83,,none
JB,N2,5,6,,Y,OP50,,,7/23/2021,83,,none
JB,N2,5,6,,Y,OP50,,,7/23/2021,83,,none
JB,N2,5,4,,Y,OP50,,,7/23/2021,84,,none
JB,N2,5,4,,Y,OP50,,,7/23/2021,84,,none
JB,N2,5,5,,Y,OP50,,,7/23/2021,84,,none
JB,N2,5,4,,Y,OP50,,,7/23/2021,84,,none
JB,N2,5,3,,Y,OP50,,,7/23/2021,84,,none
JB,N2,5,4,,Y,OP50,,,7/23/2021,84,,none
JB,N2,5,5,,Y,OP50,,,7/23/2021,84,,none
JB,N2,5,5,,Y,OP50,,,7/23/2021,84,,none
JB,N2,5,5,,Y,OP50,,,7/23/2021,84,,none
JB,cest-1.2,5,3,,Y,BW25113,,,7/27/2021,85,,none
JB,cest-1.2,5,2,,Y,BW25113,,,7/27/2021,85,,none
JB,cest-1.2,5,4,,N,BW25113,,,7/27/2021,85,,none
JB,cest-1.2,5,5,,Y,BW25113,,,7/27/2021,85,,none
JB,cest-1.2,5,4,,Y,BW25113,,,7/27/2021,85,,none
JB,cest-1.2,5,4,,Y,BW25113,,,7/27/2021,85,,none
JB,cest-1.2,5,3,,N,BW25113,,,7/27/2021,85,,none
JB,cest-1.2,5,6,,Y,BW25113,,,7/27/2021,85,,none
JB,cest-1.2,5,3,,Y,BW25113,,,7/27/2021,85,,none
JB,cest-1.2,5,3,,Y,BW25113,,,7/27/2021,85,,none
JB,cest-1.2,5,5,,N,BW25113,,,7/27/2021,86,,none
JB,cest-1.2,5,3,,Y,BW25113,,,7/27/2021,86,,none
JB,cest-1.2,5,2,,Y,BW25113,,,7/27/2021,86,,none
JB,cest-1.2,5,5,,Y,BW25113,,,7/27/2021,86,,none
JB,cest-1.2,5,6,,Y,BW25113,,,7/27/2021,86,,none
JB,cest-1.2,5,4,,Y,BW25113,,,7/27/2021,86,,none
JB,cest-1.2,5,3,,Y,BW25113,,,7/27/2021,86,,none
JB,cest-1.2,5,4,,Y,BW25113,,,7/27/2021,86,,none
JB,cest-1.2,5,3,,N,BW25113,,,7/27/2021,86,,none
JB,cest-1.2,5,3,,Y,BW25113,,,7/27/2021,86,,none
JB,cest-1.2,5,2,,Y,tnaA,,,7/27/2021,87,,none
JB,cest-1.2,5,3,,Y,tnaA,,,7/27/2021,87,,none
JB,cest-1.2,5,2,,Y,tnaA,,,7/27/2021,87,,none
JB,cest-1.2,5,5,,Y,tnaA,,,7/27/2021,87,,none
JB,cest-1.2,5,6,,Y,tnaA,,,7/27/2021,87,,none
JB,cest-1.2,5,2,,N,tnaA,,,7/27/2021,87,,none
JB,cest-1.2,5,4,,Y,tnaA,,,7/27/2021,87,,none
JB,cest-1.2,5,3,,N,tnaA,,,7/27/2021,87,,none
JB,cest-1.2,5,4,,Y,tnaA,,,7/27/2021,87,,none
JB,cest-1.2,5,4,,Y,tnaA,,,7/27/2021,87,,none
JB,cest-1.2,5,7,,Y,tnaA,,,7/27/2021,88,,none
JB,cest-1.2,5,6,,Y,tnaA,,,7/27/2021,88,,none
JB,cest-1.2,5,3,,Y,tnaA,,,7/27/2021,88,,none
JB,cest-1.2,5,3,,N,tnaA,,,7/27/2021,88,,none
JB,cest-1.2,5,3,,Y,tnaA,,,7/27/2021,88,,none
JB,cest-1.2,5,4,,Y,tnaA,,,7/27/2021,88,,none
JB,cest-1.2,5,3,,Y,tnaA,,,7/27/2021,88,,none
JB,cest-1.2,5,3,,Y,tnaA,,,7/27/2021,88,,none
JB,cest-1.2,5,4,,Y,tnaA,,,7/27/2021,88,,none
JB,cest-1.2,5,5,,Y,tnaA,,,7/27/2021,88,,none
JB,N2,5,5,,Y,BW25113,,,7/27/2021,89,,none
JB,N2,5,3,,Y,BW25113,,,7/27/2021,89,,none
JB,N2,5,9,,Y,BW25113,,,7/27/2021,89,,none
JB,N2,5,3,,Y,BW25113,,,7/27/2021,89,,none
JB,N2,5,5,,Y,BW25113,,,7/27/2021,89,,none
JB,N2,5,4,,Y,BW25113,,,7/27/2021,89,,none
JB,N2,5,7,,Y,BW25113,,,7/27/2021,89,,none
JB,N2,5,3,,Y,BW25113,,,7/27/2021,89,,none
JB,N2,5,4,,Y,BW25113,,,7/27/2021,90,,none
JB,N2,5,5,,N,BW25113,,,7/27/2021,90,,none
JB,N2,5,4,,Y,BW25113,,,7/27/2021,90,,none
JB,N2,5,4,,Y,BW25113,,,7/27/2021,90,,none
JB,N2,5,4,,Y,BW25113,,,7/27/2021,90,,none
JB,N2,5,5,,Y,BW25113,,,7/27/2021,90,,none
JB,N2,5,3,,Y,BW25113,,,7/27/2021,90,,none
JB,N2,5,4,,Y,BW25113,,,7/27/2021,90,,none
JB,N2,5,5,,N,BW25113,,,7/27/2021,90,,none
JB,N2,5,3,,Y,BW25113,,,7/27/2021,90,,none
JB,N2,5,4,,Y,tnaA,,,7/27/2021,91,,none
JB,N2,5,5,,Y,tnaA,,,7/27/2021,91,,none
JB,N2,5,3,,Y,tnaA,,,7/27/2021,91,,none
JB,N2,5,5,,Y,tnaA,,,7/27/2021,91,,none
JB,N2,5,3,,Y,tnaA,,,7/27/2021,91,,none
JB,N2,5,5,,Y,tnaA,,,7/27/2021,91,,none
JB,N2,5,5,,Y,tnaA,,,7/27/2021,91,,none
JB,N2,5,3,,N,tnaA,,,7/27/2021,91,,none
JB,N2,5,4,,Y,tnaA,,,7/27/2021,91,,none
JB,N2,5,4,,Y,tnaA,,,7/27/2021,92,,none
JB,N2,5,6,,Y,tnaA,,,7/27/2021,92,,none
JB,N2,5,4,,N,tnaA,,,7/27/2021,92,,none
JB,N2,5,4,,Y,tnaA,,,7/27/2021,92,,none
JB,N2,5,4,,N,tnaA,,,7/27/2021,92,,none
JB,N2,5,3,,Y,tnaA,,,7/27/2021,92,,none
JB,N2,5,6,,N,tnaA,,,7/27/2021,92,,none
JB,N2,5,6,,Y,tnaA,,,7/27/2021,92,,none
JB,N2,5,4,,Y,tnaA,,,7/27/2021,92,,none
JB,N2,5,4,,N,tnaA,,,7/27/2021,92,,none
JB,cest-1.2,5,4,,N,tnaA,,,7/30/2021,93,,none
JB,cest-1.2,5,5,,Y,tnaA,,,7/30/2021,93,,none
JB,cest-1.2,5,7,,Y,tnaA,,,7/30/2021,93,,none
JB,cest-1.2,5,4,,Y,tnaA,,,7/30/2021,93,,none
JB,cest-1.2,5,3,,Y,tnaA,,,7/30/2021,93,,none
JB,cest-1.2,5,3,,Y,tnaA,,,7/30/2021,93,,none
JB,cest-1.2,5,6,,Y,tnaA,,,7/30/2021,93,,none
JB,cest-1.2,5,4,,Y,tnaA,,,7/30/2021,93,,none
JB,cest-1.2,5,5,,Y,tnaA,,,7/30/2021,93,,none
JB,cest-1.2,5,2,,Y,tnaA,,,7/30/2021,94,,none
JB,cest-1.2,5,3,,Y,tnaA,,,7/30/2021,94,,none
JB,cest-1.2,5,5,,Y,tnaA,,,7/30/2021,94,,none
JB,cest-1.2,5,3,,Y,tnaA,,,7/30/2021,94,,none
JB,cest-1.2,5,3,,Y,tnaA,,,7/30/2021,94,,none
JB,cest-1.2,5,2,,Y,tnaA,,,7/30/2021,94,,none
JB,cest-1.2,5,4,,Y,tnaA,,,7/30/2021,94,,none
JB,cest-1.2,5,3,,Y,tnaA,,,7/30/2021,94,,none
JB,cest-1.2,5,4,,Y,tnaA,,,7/30/2021,94,,none
JB,N2,5,3,,Y,BW25113,,,7/30/2021,95,,none
JB,N2,5,5,,Y,BW25113,,,7/30/2021,95,,none
JB,N2,5,4,,Y,BW25113,,,7/30/2021,95,,none
JB,N2,5,3,,Y,BW25113,,,7/30/2021,95,,none
JB,N2,5,3,,Y,BW25113,,,7/30/2021,95,,none
JB,N2,5,5,,Y,BW25113,,,7/30/2021,95,,none
JB,N2,5,4,,Y,BW25113,,,7/30/2021,95,,none
JB,N2,5,3,,Y,BW25113,,,7/30/2021,95,,none
JB,N2,5,3,,N,BW25113,,,7/30/2021,95,,none
JB,N2,5,6,,N,BW25113,,,7/30/2021,95,,none
JB,N2,5,6,,Y,BW25113,,very thin media,7/30/2021,96,,none
JB,N2,5,3,,Y,BW25113,,very thin media,7/30/2021,96,,none
JB,N2,5,2,,N,BW25113,,very thin media,7/30/2021,96,,none
JB,N2,5,3,,N,BW25113,,very thin media,7/30/2021,96,,none
JB,N2,5,3,,Y,BW25113,,very thin media,7/30/2021,96,,none
JB,N2,5,2,,Y,BW25113,,very thin media,7/30/2021,96,,none
JB,N2,5,3,,Y,BW25113,,very thin media,7/30/2021,96,,none
JB,N2,5,3,,Y,BW25113,,very thin media,7/30/2021,96,,none
JB,N2,5,3,,Y,BW25113,,very thin media,7/30/2021,96,,none
JB,cest-1.2,5,5,,Y,BW25113,,,7/30/2021,97,,none
JB,cest-1.2,5,4,,Y,BW25113,,,7/30/2021,97,,none
JB,cest-1.2,5,4,,Y,BW25113,,,7/30/2021,97,,none
JB,cest-1.2,5,3,,Y,BW25113,,,7/30/2021,97,,none
JB,cest-1.2,5,3,,Y,BW25113,,,7/30/2021,97,,none
JB,cest-1.2,5,3,,Y,BW25113,,,7/30/2021,97,,none
JB,cest-1.2,5,4,,Y,BW25113,,,7/30/2021,97,,none
JB,cest-1.2,5,1,,N,BW25113,,,7/30/2021,97,,none
JB,cest-1.2,5,4,,Y,BW25113,,,7/30/2021,97,,none
JB,cest-1.2,5,2,,N,BW25113,,,7/30/2021,98,,none
JB,cest-1.2,5,3,,Y,BW25113,,,7/30/2021,98,,none
JB,cest-1.2,5,5,,Y,BW25113,,,7/30/2021,98,,none
JB,cest-1.2,5,4,,Y,BW25113,,,7/30/2021,98,,none
JB,cest-1.2,5,5,,Y,BW25113,,,7/30/2021,98,,none
JB,cest-1.2,5,3,,Y,BW25113,,,7/30/2021,98,,none
JB,cest-1.2,5,2,,Y,BW25113,,,7/30/2021,98,,none
JB,cest-1.2,5,4,,Y,BW25113,,,7/30/2021,98,,none
JB,cest-1.2,5,5,,Y,BW25113,,,7/30/2021,98,,none
JB,cest-1.2,5,4,,Y,BW25113,,,7/30/2021,98,,none
JB,N2,5,5,,Y,tnaA,,,7/30/2021,99,,none
JB,N2,5,3,,Y,tnaA,,,7/30/2021,99,,none
JB,N2,5,4,,Y,tnaA,,,7/30/2021,99,,none
JB,N2,5,3,,Y,tnaA,,,7/30/2021,99,,none
JB,N2,5,5,,Y,tnaA,,,7/30/2021,99,,none
JB,N2,5,4,,Y,tnaA,,,7/30/2021,99,,none
JB,N2,5,4,,Y,tnaA,,,7/30/2021,99,,none
JB,N2,5,4,,Y,tnaA,,,7/30/2021,99,,none
JB,N2,5,2,,N,tnaA,,,7/30/2021,99,,none
JB,N2,5,4,,Y,tnaA,,,7/30/2021,100,,none
JB,N2,5,2,,Y,tnaA,,,7/30/2021,100,,none
JB,N2,5,6,,Y,tnaA,,,7/30/2021,100,,none
JB,N2,5,3,,Y,tnaA,,,7/30/2021,100,,none
JB,N2,5,6,,Y,tnaA,,,7/30/2021,100,,none
JB,N2,5,5,,Y,tnaA,,,7/30/2021,100,,none
JB,N2,5,3,,Y,tnaA,,,7/30/2021,100,,none
JB,N2,5,6,,Y,tnaA,,,7/30/2021,100,,none
JB,cest-1.2,5,2,,Y,BW25113,,,8/3/2021,101,bleached eggs,none
JB,cest-1.2,5,3,,N,BW25113,,,8/3/2021,101,bleached eggs,none
JB,cest-1.2,5,1,,Y,BW25113,,,8/3/2021,101,bleached eggs,none
JB,cest-1.2,5,4,,N,BW25113,,,8/3/2021,101,bleached eggs,none
JB,cest-1.2,5,4,,Y,BW25113,,,8/3/2021,101,bleached eggs,none
JB,cest-1.2,5,3,,Y,BW25113,,,8/3/2021,101,bleached eggs,none
JB,cest-1.2,5,2,,Y,BW25113,,,8/3/2021,101,bleached eggs,none
JB,cest-1.2,5,2,,Y,BW25113,,,8/3/2021,101,bleached eggs,none
JB,cest-1.2,5,3,,Y,BW25113,,,8/3/2021,101,bleached eggs,none
JB,cest-1.2,5,3,,Y,BW25113,,,8/3/2021,101,bleached eggs,none
JB,cest-1.2,5,5,,Y,BW25113,,,8/3/2021,101,bleached eggs,none
JB,cest-1.2,5,3,,Y,BW25113,,,8/3/2021,101,bleached eggs,none
JB,cest-1.2,5,1,,N,BW25113,,,8/3/2021,101,bleached eggs,none
JB,cest-1.2,5,3,,Y,BW25113,,,8/3/2021,101,bleached eggs,none
JB,cest-1.2,5,4,,Y,BW25113,,,8/3/2021,101,bleached eggs,none
JB,cest-1.2,5,2,,Y,tnaA,,,8/3/2021,102,bleached eggs,none
JB,cest-1.2,5,4,,Y,tnaA,,,8/3/2021,102,bleached eggs,none
JB,cest-1.2,5,4,,N,tnaA,,,8/3/2021,102,bleached eggs,none
JB,cest-1.2,5,5,,Y,tnaA,,,8/3/2021,102,bleached eggs,none
JB,cest-1.2,5,2,,Y,tnaA,,,8/3/2021,102,bleached eggs,none
JB,cest-1.2,5,4,,Y,tnaA,,,8/3/2021,102,bleached eggs,none
JB,cest-1.2,5,3,,N,tnaA,,,8/3/2021,102,bleached eggs,none
JB,cest-1.2,5,3,,N,tnaA,,,8/3/2021,102,bleached eggs,none
JB,cest-1.2,5,3,,Y,tnaA,,,8/3/2021,102,bleached eggs,none
JB,cest-1.2,5,2,,Y,tnaA,,,8/3/2021,102,bleached eggs,none
JB,cest-1.2,5,3,,Y,tnaA,,,8/3/2021,102,bleached eggs,none
JB,cest-1.2,5,3,,Y,tnaA,,,8/3/2021,102,bleached eggs,none
JB,cest-1.2,5,5,,Y,tnaA,,,8/3/2021,102,bleached eggs,none
JB,cest-1.2,5,2,,Y,tnaA,,,8/3/2021,102,bleached eggs,none
JB,cest-1.2,5,4,,N,tnaA,,,8/3/2021,102,bleached eggs,none
JB,N2,5,3,,Y,BW25113,,,8/3/2021,103,bleached eggs,none
JB,N2,5,4,,Y,BW25113,,,8/3/2021,103,bleached eggs,none
JB,N2,5,4,,N,BW25113,,,8/3/2021,103,bleached eggs,none
JB,N2,5,3,,N,BW25113,,,8/3/2021,103,bleached eggs,none
JB,N2,5,4,,Y,BW25113,,,8/3/2021,103,bleached eggs,none
JB,N2,5,4,,N,BW25113,,,8/3/2021,103,bleached eggs,none
JB,N2,5,3,,Y,BW25113,,,8/3/2021,103,bleached eggs,none
JB,N2,5,4,,Y,BW25113,,,8/3/2021,103,bleached eggs,none
JB,N2,5,2,,Y,BW25113,,,8/3/2021,103,bleached eggs,none
JB,N2,5,6,,Y,BW25113,,,8/3/2021,103,bleached eggs,none
JB,N2,5,4,,N,BW25113,,,8/3/2021,103,bleached eggs,none
JB,N2,5,4,,Y,BW25113,,,8/3/2021,103,bleached eggs,none
JB,N2,5,6,,Y,BW25113,,,8/3/2021,103,bleached eggs,none
JB,N2,5,3,,N,BW25113,,,8/3/2021,103,bleached eggs,none
JB,N2,5,7,,Y,BW25113,,,8/3/2021,103,bleached eggs,none
JB,N2,5,3,,N,tnaA,,,8/3/2021,104,bleached eggs,none
JB,N2,5,1,,Y,tnaA,,,8/3/2021,104,bleached eggs,none
JB,N2,5,2,,Y,tnaA,,,8/3/2021,104,bleached eggs,none
JB,N2,5,5,,Y,tnaA,,,8/3/2021,104,bleached eggs,none
JB,N2,5,3,,N,tnaA,,,8/3/2021,104,bleached eggs,none
JB,N2,5,3,,N,tnaA,,,8/3/2021,104,bleached eggs,none
JB,N2,5,2,,N,tnaA,,,8/3/2021,104,bleached eggs,none
JB,N2,5,2,,Y,tnaA,,,8/3/2021,104,bleached eggs,none
JB,N2,5,3,,N,tnaA,,,8/3/2021,104,bleached eggs,none
JB,N2,5,6,,N,tnaA,,,8/3/2021,104,bleached eggs,none
JB,N2,5,6,,Y,tnaA,,,8/3/2021,104,bleached eggs,none
JB,N2,5,5,,Y,tnaA,,,8/3/2021,104,bleached eggs,none
JB,N2,5,4,,Y,tnaA,,,8/3/2021,104,bleached eggs,none
JB,N2,5,3,,Y,tnaA,,,8/3/2021,104,bleached eggs,none
JB,N2,5,3,,Y,tnaA,,,8/3/2021,104,bleached eggs,none
JB,N2,5,3,,Y,BW25113,,,8/10/2021,105,bleached eggs,none
JB,N2,5,3,,Y,BW25113,,,8/10/2021,105,bleached eggs,none
JB,N2,5,4,,N,BW25113,,,8/10/2021,105,bleached eggs,none
JB,N2,5,4,,Y,BW25113,,,8/10/2021,105,bleached eggs,none
JB,N2,5,4,,Y,BW25113,,,8/10/2021,105,bleached eggs,none
JB,N2,5,4,,N,BW25113,,,8/10/2021,105,bleached eggs,none
JB,N2,5,5,,N,BW25113,,,8/10/2021,105,bleached eggs,none
JB,N2,5,5,,Y,BW25113,,,8/10/2021,105,bleached eggs,none
JB,N2,5,4,,Y,BW25113,,,8/10/2021,105,bleached eggs,none
JB,N2,5,6,,Y,BW25113,,,8/10/2021,105,bleached eggs,none
JB,N2,5,4,,N,BW25113,,,8/10/2021,106,bleached eggs,none
JB,N2,5,7,,N,BW25113,,,8/10/2021,106,bleached eggs,none
JB,N2,5,2,,Y,BW25113,,,8/10/2021,106,bleached eggs,none
JB,N2,5,2,,Y,BW25113,,,8/10/2021,106,bleached eggs,none
JB,N2,5,3,,N,BW25113,,,8/10/2021,106,bleached eggs,none
JB,N2,5,3,,Y,BW25113,,,8/10/2021,106,bleached eggs,none
JB,N2,5,5,,N,BW25113,,,8/10/2021,106,bleached eggs,none
JB,N2,5,3,,Y,BW25113,,,8/10/2021,106,bleached eggs,none
JB,N2,5,3,,N,BW25113,,,8/10/2021,106,bleached eggs,none
JB,N2,5,4,,Y,BW25113,,,8/10/2021,106,bleached eggs,none
JB,cest-1.2,5,4,,N,tnaA,,,8/10/2021,107,bleached eggs,none
JB,cest-1.2,5,4,,Y,tnaA,,,8/10/2021,107,bleached eggs,none
JB,cest-1.2,5,2,,N,tnaA,,,8/10/2021,107,bleached eggs,none
JB,cest-1.2,5,3,,Y,tnaA,,,8/10/2021,107,bleached eggs,none
JB,cest-1.2,5,5,,N,tnaA,,,8/10/2021,107,bleached eggs,none
JB,cest-1.2,5,5,,N,tnaA,,,8/10/2021,107,bleached eggs,none
JB,cest-1.2,5,3,,N,tnaA,,,8/10/2021,107,bleached eggs,none
JB,cest-1.2,5,3,,N,tnaA,,,8/10/2021,107,bleached eggs,none
JB,cest-1.2,5,5,,Y,tnaA,,,8/10/2021,107,bleached eggs,none
JB,cest-1.2,5,3,,Y,tnaA,,,8/10/2021,107,bleached eggs,none
JB,cest-1.2,5,4,,Y,tnaA,,,8/10/2021,108,bleached eggs,none
JB,cest-1.2,5,3,,N,tnaA,,,8/10/2021,108,bleached eggs,none
JB,cest-1.2,5,2,,N,tnaA,,,8/10/2021,108,bleached eggs,none
JB,cest-1.2,5,1,,Y,tnaA,,,8/10/2021,108,bleached eggs,none
JB,cest-1.2,5,1,,N,tnaA,,,8/10/2021,108,bleached eggs,none
JB,cest-1.2,5,3,,Y,tnaA,,,8/10/2021,108,bleached eggs,none
JB,cest-1.2,5,3,,Y,tnaA,,,8/10/2021,108,bleached eggs,none
JB,cest-1.2,5,2,,N,tnaA,,,8/10/2021,108,bleached eggs,none
JB,N2,5,3,,N,tnaA,,,8/10/2021,109,bleached eggs,none
JB,N2,5,2,,N,tnaA,,,8/10/2021,109,bleached eggs,none
JB,N2,5,2,,N,tnaA,,,8/10/2021,109,bleached eggs,none
JB,N2,5,1,,N,tnaA,,,8/10/2021,109,bleached eggs,none
JB,N2,5,3,,N,tnaA,,,8/10/2021,109,bleached eggs,none
JB,N2,5,2,,Y,tnaA,,,8/10/2021,109,bleached eggs,none
JB,N2,5,2,,N,tnaA,,,8/10/2021,109,bleached eggs,none
JB,N2,5,4,,Y,tnaA,,,8/10/2021,109,bleached eggs,none
JB,N2,5,2,,N,tnaA,,,8/10/2021,109,bleached eggs,none
JB,N2,5,5,,Y,tnaA,,,8/10/2021,109,bleached eggs,none
JB,N2,5,4,,Y,tnaA,,,8/10/2021,110,bleached eggs,none
JB,N2,5,3,,Y,tnaA,,,8/10/2021,110,bleached eggs,none
JB,N2,5,4,,N,tnaA,,,8/10/2021,110,bleached eggs,none
JB,N2,5,3,,N,tnaA,,,8/10/2021,110,bleached eggs,none
JB,N2,5,3,,N,tnaA,,,8/10/2021,110,bleached eggs,none
JB,N2,5,5,,N,tnaA,,,8/10/2021,110,bleached eggs,none
JB,N2,5,4,,Y,tnaA,,,8/10/2021,110,bleached eggs,none
JB,N2,5,3,,N,tnaA,,,8/10/2021,110,bleached eggs,none
JB,cest-1.2,5,5,,N,BW25113,,,8/10/2021,111,bleached eggs,none
JB,cest-1.2,5,3,,N,BW25113,,,8/10/2021,111,bleached eggs,none
JB,cest-1.2,5,3,,N,BW25113,,,8/10/2021,111,bleached eggs,none
JB,cest-1.2,5,1,,Y,BW25113,,,8/10/2021,111,bleached eggs,none
JB,cest-1.2,5,5,,N,BW25113,,,8/10/2021,111,bleached eggs,none
JB,cest-1.2,5,2,,N,BW25113,,,8/10/2021,111,bleached eggs,none
JB,cest-1.2,5,3,,N,BW25113,,,8/10/2021,111,bleached eggs,none
JB,cest-1.2,5,5,,N,BW25113,,,8/10/2021,111,bleached eggs,none
JB,cest-1.2,5,4,,N,BW25113,,,8/10/2021,111,bleached eggs,none
JB,cest-1.2,5,4,,N,BW25113,,,8/10/2021,111,bleached eggs,none
JB,cest-1.2,5,4,,Y,BW25113,,,8/10/2021,112,bleached eggs,none
JB,cest-1.2,5,3,,N,BW25113,,,8/10/2021,112,bleached eggs,none
JB,cest-1.2,5,3,,N,BW25113,,,8/10/2021,112,bleached eggs,none
JB,cest-1.2,5,3,,N,BW25113,,,8/10/2021,112,bleached eggs,none
JB,cest-1.2,5,4,,N,BW25113,,,8/10/2021,112,bleached eggs,none
JB,cest-1.2,5,3,,N,BW25113,,,8/10/2021,112,bleached eggs,none
JB,cest-1.2,5,2,,Y,BW25113,,,8/10/2021,112,bleached eggs,none
JB,cest-1.2,5,3,,Y,BW25113,,,8/10/2021,112,bleached eggs,none
JB,cest-1.2,5,2,,Y,BW25113,,,8/10/2021,112,bleached eggs,none
JB,cest-1.2,5,1,,N,BW25113,,,8/10/2021,112,bleached eggs,none
JB,N2,5,5,,Y,JUb39,,,8/11/2021,113,,none
JB,N2,5,6,,Y,JUb39,,,8/11/2021,113,,none
JB,N2,5,2,,N,JUb39,,,8/11/2021,113,,none
JB,N2,5,4,,Y,JUb39,,,8/11/2021,113,,none
JB,N2,5,5,,N,JUb39,,,8/11/2021,113,,none
JB,N2,5,2,,Y,JUb39,,,8/11/2021,113,,none
JB,N2,5,3,,Y,JUb39,,,8/11/2021,113,,none
JB,N2,5,3,,N,JUb39,,,8/11/2021,113,,none
JB,N2,5,3,,Y,JUb39,,,8/11/2021,113,,none
JB,N2,5,4,,Y,JUb39,,,8/11/2021,113,,none
JB,N2,5,3,,Y,JUb39,,,8/11/2021,114,,none
JB,N2,5,5,,Y,JUb39,,,8/11/2021,114,,none
JB,N2,5,2,,Y,JUb39,,,8/11/2021,114,,none
JB,N2,5,3,,Y,JUb39,,,8/11/2021,114,,none
JB,N2,5,5,,Y,JUb39,,,8/11/2021,114,,none
JB,N2,5,2,,Y,JUb39,,,8/11/2021,114,,none
JB,N2,5,4,,Y,JUb39,,,8/11/2021,114,,none
JB,N2,5,3,,Y,JUb39,,,8/11/2021,114,,none
JB,N2,5,3,,Y,JUb39,,,8/11/2021,114,,none
JB,N2,5,3,,Y,JUb39,,,8/11/2021,114,,none
JB,N2,5,4,,Y,tdcKO,,,8/11/2021,115,,none
JB,N2,5,3,,Y,tdcKO,,,8/11/2021,115,,none
JB,N2,5,6,,Y,tdcKO,,,8/11/2021,115,,none
JB,N2,5,4,,Y,tdcKO,,,8/11/2021,115,,none
JB,N2,5,3,,Y,tdcKO,,,8/11/2021,115,,none
JB,N2,5,5,,Y,tdcKO,,,8/11/2021,115,,none
JB,N2,5,3,,Y,tdcKO,,,8/11/2021,115,,none
JB,N2,5,3,,Y,tdcKO,,,8/11/2021,115,,none
JB,N2,5,2,,Y,tdcKO,,,8/11/2021,115,,none
JB,N2,5,3,,Y,tdcKO,,,8/11/2021,116,,none
JB,N2,5,3,,Y,tdcKO,,,8/11/2021,116,,none
JB,N2,5,3,,Y,tdcKO,,,8/11/2021,116,,none
JB,N2,5,3,,Y,tdcKO,,,8/11/2021,116,,none
JB,N2,5,4,,Y,tdcKO,,,8/11/2021,116,,none
JB,N2,5,3,,Y,tdcKO,,,8/11/2021,116,,none
JB,N2,5,3,,Y,tdcKO,,,8/11/2021,116,,none
JB,N2,5,4,,Y,tdcKO,,,8/11/2021,116,,none
JB,N2,5,3,,Y,tdcKO,,,8/11/2021,116,,none
JB,N2,5,3,,Y,tdcKO,,,8/11/2021,116,,none
JB,N2,5,4,,Y,OP50,,,8/11/2021,117,,none
JB,N2,5,3,,Y,OP50,,,8/11/2021,117,,none
JB,N2,5,4,,Y,OP50,,,8/11/2021,117,,none
JB,N2,5,4,,Y,OP50,,,8/11/2021,117,,none
JB,N2,5,3,,N,OP50,,,8/11/2021,117,,none
JB,N2,5,3,,Y,OP50,,,8/11/2021,117,,none
JB,N2,5,3,,Y,OP50,,,8/11/2021,117,,none
JB,N2,5,3,,Y,OP50,,,8/11/2021,117,,none
JB,N2,5,5,,Y,OP50,,,8/11/2021,117,,none
JB,N2,5,4,,Y,OP50,,,8/11/2021,117,,none
JB,N2,5,5,,Y,OP50,,,8/11/2021,118,,none
JB,N2,5,3,,Y,OP50,,,8/11/2021,118,,none
JB,N2,5,3,,Y,OP50,,,8/11/2021,118,,none
JB,N2,5,5,,Y,OP50,,,8/11/2021,118,,none
JB,N2,5,8,,Y,OP50,,,8/11/2021,118,,none
JB,N2,5,3,,Y,OP50,,,8/11/2021,118,,none
JB,N2,5,3,,Y,OP50,,,8/11/2021,118,,none
JB,N2,5,4,,Y,OP50,,,8/11/2021,118,,none
JB,N2,5,5,,Y,OP50,,,8/11/2021,118,,none
JB,N2,5,2,,Y,OP50,,,8/11/2021,118,,none
JB,cest-1.2,5,3,,Y,OP50,,,8/11/2021,119,,none
JB,cest-1.2,5,3,,N,OP50,,,8/11/2021,119,,none
JB,cest-1.2,5,4,,Y,OP50,,,8/11/2021,119,,none
JB,cest-1.2,5,3,,Y,OP50,,,8/11/2021,119,,none
JB,cest-1.2,5,4,,Y,OP50,,,8/11/2021,119,,none
JB,cest-1.2,5,3,,N,OP50,,,8/11/2021,119,,none
JB,cest-1.2,5,3,,Y,OP50,,,8/11/2021,119,,none
JB,cest-1.2,5,3,,Y,OP50,,,8/11/2021,119,,none
JB,cest-1.2,5,2,,Y,OP50,,,8/11/2021,119,,none
JB,cest-1.2,5,5,,Y,OP50,,,8/11/2021,119,,none
JB,cest-1.2,5,2,,Y,OP50,,,8/11/2021,120,,none
JB,cest-1.2,5,1,,Y,OP50,,,8/11/2021,120,,none
JB,cest-1.2,5,1,,Y,OP50,,,8/11/2021,120,,none
JB,cest-1.2,5,2,,Y,OP50,,,8/11/2021,120,,none
JB,cest-1.2,5,2,,Y,OP50,,,8/11/2021,120,,none
JB,cest-1.2,5,3,,Y,OP50,,,8/11/2021,120,,none
JB,cest-1.2,5,3,,N,OP50,,,8/11/2021,120,,none
JB,cest-1.2,5,4,,Y,OP50,,,8/11/2021,120,,none
JB,cest-1.2,5,2,,N,OP50,,,8/11/2021,120,,none
JB,cest-1.2,5,5,,Y,OP50,,,8/11/2021,120,,none
JB,cest-1.2,5,4,,N,JUb39,,,8/11/2021,121,,none
JB,cest-1.2,5,4,,N,JUb39,,,8/11/2021,121,,none
JB,cest-1.2,5,3,,Y,JUb39,,,8/11/2021,121,,none
JB,cest-1.2,5,4,,N,JUb39,,,8/11/2021,121,,none
JB,cest-1.2,5,3,,Y,JUb39,,,8/11/2021,121,,none
JB,cest-1.2,5,6,,Y,JUb39,,,8/11/2021,121,,none
JB,cest-1.2,5,3,,Y,JUb39,,,8/11/2021,121,,none
JB,cest-1.2,5,4,,N,JUb39,,,8/11/2021,121,,none
JB,cest-1.2,5,6,,Y,JUb39,,,8/11/2021,121,,none
JB,cest-1.2,5,2,,N,JUb39,,,8/11/2021,121,,none
JB,cest-1.2,5,3,,Y,JUb39,,,8/11/2021,122,,none
JB,cest-1.2,5,4,,N,JUb39,,,8/11/2021,122,,none
JB,cest-1.2,5,3,,N,JUb39,,,8/11/2021,122,,none
JB,cest-1.2,5,4,,N,JUb39,,,8/11/2021,122,,none
JB,cest-1.2,5,4,,Y,JUb39,,,8/11/2021,122,,none
JB,cest-1.2,5,4,,Y,JUb39,,,8/11/2021,122,,none
JB,cest-1.2,5,4,,Y,JUb39,,,8/11/2021,122,,none
JB,cest-1.2,5,5,,Y,JUb39,,,8/11/2021,122,,none
JB,cest-1.2,5,3,,N,JUb39,,,8/11/2021,122,,none
JB,cest-1.2,5,4,,Y,tdcKO,,,8/11/2021,123,,none
JB,cest-1.2,5,1,,N,tdcKO,,,8/11/2021,123,,none
JB,cest-1.2,5,4,,Y,tdcKO,,,8/11/2021,123,,none
JB,cest-1.2,5,2,,N,tdcKO,,,8/11/2021,123,,none
JB,cest-1.2,5,6,,Y,tdcKO,,,8/11/2021,123,,none
JB,cest-1.2,5,4,,N,tdcKO,,,8/11/2021,123,,none
JB,cest-1.2,5,5,,Y,tdcKO,,,8/11/2021,123,,none
JB,cest-1.2,5,2,,Y,tdcKO,,,8/11/2021,123,,none
JB,cest-1.2,5,3,,Y,tdcKO,,,8/11/2021,123,,none
JB,cest-1.2,5,2,,Y,tdcKO,,,8/11/2021,123,,none
JB,cest-1.2,5,2,,Y,tdcKO,,,8/11/2021,124,,none
JB,cest-1.2,5,5,,Y,tdcKO,,,8/11/2021,124,,none
JB,cest-1.2,5,5,,N,tdcKO,,,8/11/2021,124,,none
JB,cest-1.2,5,1,,Y,tdcKO,,,8/11/2021,124,,none
JB,cest-1.2,5,3,,Y,tdcKO,,,8/11/2021,124,,none
JB,cest-1.2,5,4,,Y,tdcKO,,,8/11/2021,124,,none
JB,cest-1.2,5,3,,Y,tdcKO,,,8/11/2021,124,,none
JB,cest-1.2,5,4,,N,tdcKO,,,8/11/2021,124,,none
JB,cest-1.2,5,5,,N,tdcKO,,,8/11/2021,124,,none
JB,cest-1.2,5,5,,Y,OP50,,,9/17/2021,125,,TA
JB,cest-1.2,5,4,,N,OP50,,,9/17/2021,125,,TA
JB,cest-1.2,5,2,,Y,OP50,,,9/17/2021,125,,TA
JB,cest-1.2,5,1,,Y,OP50,,,9/17/2021,125,,TA
JB,cest-1.2,5,3,,N,OP50,,,9/17/2021,125,,TA
JB,cest-1.2,5,3,,Y,OP50,,,9/17/2021,125,,TA
JB,cest-1.2,5,3,,Y,OP50,,,9/17/2021,125,,TA
JB,cest-1.2,5,4,,N,OP50,,,9/17/2021,125,,TA
JB,cest-1.2,5,3,,Y,OP50,,,9/17/2021,125,,TA
JB,cest-1.2,5,4,,Y,OP50,,,9/17/2021,126,,TA
JB,cest-1.2,5,3,,Y,OP50,,,9/17/2021,126,,TA
JB,cest-1.2,5,3,,Y,OP50,,,9/17/2021,126,,TA
JB,cest-1.2,5,3,,Y,OP50,,,9/17/2021,126,,TA
JB,cest-1.2,5,3,,Y,OP50,,,9/17/2021,126,,TA
JB,cest-1.2,5,1,,Y,OP50,,,9/17/2021,126,,TA
JB,cest-1.2,5,3,,Y,OP50,,,9/17/2021,126,,TA
JB,cest-1.2,5,4,,N,OP50,,,9/17/2021,126,,TA
JB,cest-1.2,5,2,,Y,OP50,,,9/17/2021,126,,TA
JB,cest-1.2,5,2,,Y,OP50,,,9/17/2021,126,,TA
JB,N2,5,3,,Y,OP50,,,9/17/2021,127,,TA
JB,N2,5,2,,Y,OP50,,,9/17/2021,127,,TA
JB,N2,5,1,,Y,OP50,,,9/17/2021,127,,TA
JB,N2,5,3,,Y,OP50,,,9/17/2021,127,,TA
JB,N2,5,2,,Y,OP50,,,9/17/2021,127,,TA
JB,N2,5,1,,Y,OP50,,,9/17/2021,127,,TA
JB,N2,5,3,,Y,OP50,,,9/17/2021,127,,TA
JB,N2,5,3,,Y,OP50,,,9/17/2021,127,,TA
JB,N2,5,2,,Y,OP50,,,9/17/2021,127,,TA
JB,N2,5,3,,Y,OP50,,,9/17/2021,127,,TA
JB,N2,5,8,,Y,OP50,,,9/17/2021,128,,TA
JB,N2,5,5,,Y,OP50,,,9/17/2021,128,,TA
JB,N2,5,3,,Y,OP50,,,9/17/2021,128,,TA
JB,N2,5,3,,Y,OP50,,,9/17/2021,128,,TA
JB,N2,5,2,,Y,OP50,,,9/17/2021,128,,TA
JB,N2,5,5,,Y,OP50,,,9/17/2021,128,,TA
JB,N2,5,3,,Y,OP50,,,9/17/2021,128,,TA
JB,N2,5,5,,N,OP50,,,9/17/2021,128,,TA
JB,N2,5,2,,N,OP50,,,9/17/2021,128,,TA
JB,N2,5,2,,Y,OP50,,,9/17/2021,128,,TA
JB,cest-1.2,5,2,,Y,OP50,,,9/17/2021,129,,H2O
JB,cest-1.2,5,3,,Y,OP50,,,9/17/2021,129,,H2O
JB,cest-1.2,5,2,,Y,OP50,,,9/17/2021,129,,H2O
JB,cest-1.2,5,4,,N,OP50,,,9/17/2021,129,,H2O
JB,cest-1.2,5,2,,Y,OP50,,,9/17/2021,129,,H2O
JB,cest-1.2,5,3,,N,OP50,,,9/17/2021,129,,H2O
JB,cest-1.2,5,4,,Y,OP50,,,9/17/2021,129,,H2O
JB,cest-1.2,5,3,,Y,OP50,,,9/17/2021,129,,H2O
JB,cest-1.2,5,3,,Y,OP50,,,9/17/2021,129,,H2O
JB,cest-1.2,5,3,,Y,OP50,,,9/17/2021,130,,H2O
JB,cest-1.2,5,3,,Y,OP50,,,9/17/2021,130,,H2O
JB,cest-1.2,5,1,,Y,OP50,,,9/17/2021,130,,H2O
JB,cest-1.2,5,2,,Y,OP50,,,9/17/2021,130,,H2O
JB,cest-1.2,5,2,,Y,OP50,,,9/17/2021,130,,H2O
JB,cest-1.2,5,4,,N,OP50,,,9/17/2021,130,,H2O
JB,cest-1.2,5,3,,Y,OP50,,,9/17/2021,130,,H2O
JB,cest-1.2,5,2,,Y,OP50,,,9/17/2021,130,,H2O
JB,cest-1.2,5,2,,N,OP50,,,9/17/2021,130,,H2O
JB,cest-1.2,5,3,,Y,OP50,,,9/17/2021,130,,H2O
JB,N2,5,3,,Y,OP50,,,9/17/2021,131,,H2O
JB,N2,5,7,,Y,OP50,,,9/17/2021,131,,H2O
JB,N2,5,1,,Y,OP50,,,9/17/2021,131,,H2O
JB,N2,5,6,,Y,OP50,,,9/17/2021,131,,H2O
JB,N2,5,3,,N,OP50,,,9/17/2021,131,,H2O
JB,N2,5,5,,Y,OP50,,,9/17/2021,131,,H2O
JB,N2,5,2,,Y,OP50,,,9/17/2021,131,,H2O
JB,N2,5,4,,Y,OP50,,,9/17/2021,131,,H2O
JB,N2,5,4,,Y,OP50,,,9/17/2021,131,,H2O
JB,N2,5,3,,Y,OP50,,,9/17/2021,131,,H2O
JB,N2,5,3,,Y,OP50,,,9/17/2021,132,,H2O
JB,N2,5,4,,Y,OP50,,,9/17/2021,132,,H2O
JB,N2,5,3,,Y,OP50,,,9/17/2021,132,,H2O
JB,N2,5,2,,Y,OP50,,,9/17/2021,132,,H2O
JB,N2,5,3,,Y,OP50,,,9/17/2021,132,,H2O
JB,N2,5,10,,Y,OP50,,,9/17/2021,132,,H2O
JB,N2,5,3,,N,OP50,,,9/17/2021,132,,H2O
JB,N2,5,4,,Y,OP50,,,9/17/2021,132,,H2O
JB,N2,5,3,,N,OP50,,,9/17/2021,132,,H2O
JB,N2,5,2,,Y,OP50,,,9/17/2021,132,,H2O
JB,N2,5,5,,Y,OP50,TA,,9/24/2021,133,,none
JB,N2,5,4,,N,OP50,TA,,9/24/2021,133,,none
JB,N2,5,2,,Y,OP50,TA,,9/24/2021,133,,none
JB,N2,5,4,,Y,OP50,TA,,9/24/2021,133,,none
JB,N2,5,4,,Y,OP50,TA,,9/24/2021,133,,none
JB,N2,5,4,,Y,OP50,TA,,9/24/2021,133,,none
JB,N2,5,5,,Y,OP50,TA,,9/24/2021,133,,none
JB,N2,5,3,,N,OP50,TA,,9/24/2021,133,,none
JB,N2,5,6,,Y,OP50,TA,,9/24/2021,133,,none
JB,N2,5,4,,Y,OP50,TA,,9/24/2021,134,,none
JB,N2,5,2,,Y,OP50,TA,,9/24/2021,134,,none
JB,N2,5,3,,N,OP50,TA,,9/24/2021,134,,none
JB,N2,5,2,,Y,OP50,TA,,9/24/2021,134,,none
JB,N2,5,3,,Y,OP50,TA,,9/24/2021,134,,none
JB,N2,5,3,,N,OP50,TA,,9/24/2021,134,,none
JB,N2,5,3,,N,OP50,TA,,9/24/2021,134,,none
JB,N2,5,3,,Y,OP50,TA,,9/24/2021,134,,none
JB,N2,5,5,,Y,OP50,TA,,9/24/2021,134,,none
JB,N2,5,2,,Y,OP50,TA,,9/24/2021,134,,none
JB,cest-1.2,5,4,,Y,OP50,TA,,9/24/2021,135,,none
JB,cest-1.2,5,5,,Y,OP50,TA,,9/24/2021,135,,none
JB,cest-1.2,5,2,,Y,OP50,TA,,9/24/2021,135,,none
JB,cest-1.2,5,2,,Y,OP50,TA,,9/24/2021,135,,none
JB,cest-1.2,5,6,,Y,OP50,TA,,9/24/2021,135,,none
JB,cest-1.2,5,3,,Y,OP50,TA,,9/24/2021,135,,none
JB,cest-1.2,5,3,,Y,OP50,TA,,9/24/2021,135,,none
JB,cest-1.2,5,1,,Y,OP50,TA,,9/24/2021,135,,none
JB,cest-1.2,5,3,,Y,OP50,TA,,9/24/2021,135,,none
JB,cest-1.2,5,2,,Y,OP50,TA,,9/24/2021,135,,none
JB,cest-1.2,5,2,,Y,OP50,TA,,9/24/2021,136,,none
JB,cest-1.2,5,5,,Y,OP50,TA,,9/24/2021,136,,none
JB,cest-1.2,5,2,,Y,OP50,TA,,9/24/2021,136,,none
JB,cest-1.2,5,4,,Y,OP50,TA,,9/24/2021,136,,none
JB,cest-1.2,5,4,,Y,OP50,TA,,9/24/2021,136,,none
JB,cest-1.2,5,3,,Y,OP50,TA,,9/24/2021,136,,none
JB,cest-1.2,5,2,,Y,OP50,TA,,9/24/2021,136,,none
JB,cest-1.2,5,3,,Y,OP50,TA,,9/24/2021,136,,none
JB,cest-1.2,5,2,,Y,OP50,TA,,9/24/2021,136,,none
JB,cest-1.2,5,1,,Y,OP50,TA,,9/24/2021,136,,none
JB,N2,5,2,,Y,OP50,H2O,,9/24/2021,137,,none
JB,N2,5,4,,N,OP50,H2O,,9/24/2021,137,,none
JB,N2,5,4,,Y,OP50,H2O,,9/24/2021,137,,none
JB,N2,5,4,,Y,OP50,H2O,,9/24/2021,137,,none
JB,N2,5,2,,Y,OP50,H2O,,9/24/2021,137,,none
JB,N2,5,1,,Y,OP50,H2O,,9/24/2021,137,,none
JB,N2,5,4,,Y,OP50,H2O,,9/24/2021,137,,none
JB,N2,5,4,,Y,OP50,H2O,,9/24/2021,137,,none
JB,N2,5,4,,Y,OP50,H2O,,9/24/2021,137,,none
JB,N2,5,3,,N,OP50,H2O,,9/24/2021,137,,none
JB,N2,5,3,,Y,OP50,H2O,,9/24/2021,138,,none
JB,N2,5,4,,Y,OP50,H2O,,9/24/2021,138,,none
JB,N2,5,5,,Y,OP50,H2O,,9/24/2021,138,,none
JB,N2,5,3,,Y,OP50,H2O,,9/24/2021,138,,none
JB,N2,5,2,,Y,OP50,H2O,,9/24/2021,138,,none
JB,N2,5,2,,Y,OP50,H2O,,9/24/2021,138,,none
JB,N2,5,3,,N,OP50,H2O,,9/24/2021,138,,none
JB,N2,5,2,,Y,OP50,H2O,,9/24/2021,138,,none
JB,N2,5,4,,N,OP50,H2O,,9/24/2021,138,,none
JB,N2,5,4,,Y,OP50,H2O,,9/24/2021,138,,none
JB,cest-1.2,5,3,,N,OP50,H2O,,9/24/2021,139,,none
JB,cest-1.2,5,5,,Y,OP50,H2O,,9/24/2021,139,,none
JB,cest-1.2,5,3,,Y,OP50,H2O,,9/24/2021,139,,none
JB,cest-1.2,5,3,,Y,OP50,H2O,,9/24/2021,139,,none
JB,cest-1.2,5,3,,Y,OP50,H2O,,9/24/2021,139,,none
JB,cest-1.2,5,2,,Y,OP50,H2O,,9/24/2021,139,,none
JB,cest-1.2,5,3,,N,OP50,H2O,,9/24/2021,139,,none
JB,cest-1.2,5,3,,Y,OP50,H2O,,9/24/2021,139,,none
JB,cest-1.2,5,4,,Y,OP50,H2O,,9/24/2021,139,,none
JB,cest-1.2,5,3,,Y,OP50,H2O,,9/24/2021,139,,none
JB,cest-1.2,5,2,,Y,OP50,H2O,,9/24/2021,140,,none
JB,cest-1.2,5,7,,Y,OP50,H2O,,9/24/2021,140,,none
JB,cest-1.2,5,2,,Y,OP50,H2O,,9/24/2021,140,,none
JB,cest-1.2,5,3,,Y,OP50,H2O,,9/24/2021,140,,none
JB,cest-1.2,5,3,,Y,OP50,H2O,,9/24/2021,140,,none
JB,cest-1.2,5,2,,Y,OP50,H2O,,9/24/2021,140,,none
JB,cest-1.2,5,3,,Y,OP50,H2O,,9/24/2021,140,,none
JB,cest-1.2,5,3,,Y,OP50,H2O,,9/24/2021,140,,none
JB,cest-1.2,5,2,,Y,OP50,H2O,,9/24/2021,140,,none
JB,cest-1.2,5,3,,Y,OP50,H2O,,9/24/2021,140,,none
JB,N2,5,4,,Y,OP50,,,10/26/2021,141,,none
JB,N2,5,4,,Y,OP50,,,10/26/2021,141,,none
JB,N2,5,5,,Y,OP50,,,10/26/2021,141,,none
JB,N2,5,2,,Y,OP50,,,10/26/2021,141,,none
JB,N2,5,5,,Y,OP50,,,10/26/2021,141,,none
JB,N2,5,3,,N,OP50,,,10/26/2021,141,,none
JB,N2,5,5,,N,OP50,,,10/26/2021,141,,none
JB,N2,5,6,,N,OP50,,,10/26/2021,141,,none
JB,N2,5,3,,Y,OP50,,,10/26/2021,141,,none
JB,N2,5,3,,Y,OP50,,,10/26/2021,141,,none
JB,N2,5,3,,Y,OP50,,,10/26/2021,142,,none
JB,N2,5,3,,Y,OP50,,,10/26/2021,142,,none
JB,N2,5,2,,N,OP50,,,10/26/2021,142,,none
JB,N2,5,5,,Y,OP50,,,10/26/2021,142,,none
JB,N2,5,8,,Y,OP50,,,10/26/2021,142,,none
JB,N2,5,4,,Y,OP50,,,10/26/2021,142,,none
JB,N2,5,3,,Y,OP50,,,10/26/2021,142,,none
JB,N2,5,3,,N,OP50,,,10/26/2021,142,,none
JB,N2,5,5,,N,OP50,,,10/26/2021,142,,none
JB,N2,5,3,,Y,OP50,,,10/26/2021,142,,none
JB,cest-1.2,5,3,,Y,OP50,,,10/26/2021,143,,none
JB,cest-1.2,5,4,,Y,OP50,,,10/26/2021,143,,none
JB,cest-1.2,5,1,,N,OP50,,,10/26/2021,143,,none
JB,cest-1.2,5,2,,N,OP50,,,10/26/2021,143,,none
JB,cest-1.2,5,3,,Y,OP50,,,10/26/2021,143,,none
JB,cest-1.2,5,4,,Y,OP50,,,10/26/2021,143,,none
JB,cest-1.2,5,3,,Y,OP50,,,10/26/2021,143,,none
JB,cest-1.2,5,3,,Y,OP50,,,10/26/2021,143,,none
JB,cest-1.2,5,3,,Y,OP50,,,10/26/2021,143,,none
JB,cest-1.2,5,3,,N,OP50,,,10/26/2021,144,,none
JB,cest-1.2,5,3,,Y,OP50,,,10/26/2021,144,,none
JB,cest-1.2,5,1,,Y,OP50,,,10/26/2021,144,,none
JB,cest-1.2,5,3,,Y,OP50,,,10/26/2021,144,,none
JB,cest-1.2,5,2,,Y,OP50,,,10/26/2021,144,,none
JB,cest-1.2,5,4,,Y,OP50,,,10/26/2021,144,,none
JB,cest-1.2,5,3,,Y,OP50,,,10/26/2021,144,,none
JB,cest-1.2,5,3,,Y,OP50,,,10/26/2021,144,,none
JB,cest-1.2,5,2,,Y,OP50,,,10/26/2021,144,,none
JB,cest-1.2,5,4,,N,OP50,,,10/26/2021,144,,none
